,education,gender_male,lunch_standard,writing score,Completed Prep Course,Recommend Prep Course,Prediction
0,1,0,0,62,0,1,1
1,1,1,1,74,0,0,1
2,1,1,1,75,1,0,0
3,0,1,0,46,1,1,1
4,0,0,1,60,0,1,0
5,0,0,1,70,0,0,1
6,1,0,0,61,0,1,1
7,1,0,1,72,0,0,0
8,1,1,0,49,0,1,1
9,0,1,1,54,1,1,1
10,1,1,0,81,1,0,1
11,0,1,1,50,0,1,1
12,0,0,1,66,1,1,0
13,1,0,1,82,1,0,0
14,1,1,0,54,0,1,1
15,1,0,1,100,0,0,0
16,1,1,1,48,0,1,1
17,1,1,1,55,1,1,0
18,0,1,1,42,0,1,1
19,0,1,1,63,1,1,1
20,1,0,1,80,1,0,0
21,0,0,0,62,0,1,1
22,1,0,0,56,0,1,1
23,1,1,1,79,1,0,0
24,0,1,1,65,0,1,1
25,1,1,1,73,1,0,0
26,0,0,0,87,1,0,0
27,0,1,0,26,0,1,1
28,0,1,1,80,1,0,0
29,1,1,1,72,0,0,1
30,0,0,1,25,0,1,1
31,0,1,1,95,1,0,0
32,1,0,1,96,0,0,0
33,1,0,0,62,0,1,1
34,1,1,1,63,1,1,0
35,1,1,1,59,0,1,1
36,0,1,1,51,0,1,1
37,0,0,1,69,0,1,0
38,1,0,1,79,0,0,0
39,1,1,0,68,0,1,1
40,0,1,1,33,0,1,1
41,1,0,1,92,0,0,0
42,1,0,0,59,0,1,1
43,0,1,1,63,0,1,1
44,1,1,1,75,0,0,0
45,1,0,0,80,1,0,0
46,1,0,1,78,0,0,0
47,1,1,1,82,1,0,0
48,1,0,1,91,1,0,0
49,0,1,1,62,0,1,1
50,0,0,0,70,1,0,0
51,1,0,1,65,0,1,0
52,0,0,1,65,0,1,0
53,0,0,1,67,1,1,0
54,0,0,1,97,0,0,0
55,1,1,0,64,0,1,1
56,0,1,1,71,1,0,0
57,1,1,1,76,0,0,1
58,0,1,1,47,0,1,1
59,1,0,1,66,0,1,0
60,0,0,1,63,0,1,0
61,1,0,1,82,0,0,0
62,0,0,1,78,0,0,0
63,1,1,0,71,1,0,1
64,1,1,1,67,0,1,1
65,1,0,1,98,0,0,0
66,1,1,0,33,0,1,1
67,0,0,1,90,0,0,0
68,1,0,1,87,1,0,0
69,1,1,1,38,0,1,1
70,0,1,1,44,0,1,1
71,1,1,0,62,0,1,1
72,1,0,0,89,0,0,1
73,1,0,0,72,0,0,1
74,1,1,0,40,0,1,1
75,0,1,1,62,1,1,1
76,1,1,0,67,1,1,0
77,1,0,1,70,0,0,0
78,1,1,0,64,1,1,1
79,0,0,1,54,0,1,1
80,1,0,1,57,0,1,0
81,0,0,0,60,0,1,1
82,1,0,1,61,0,1,0
83,1,0,1,82,0,0,0
84,1,1,1,93,0,0,1
85,1,0,0,88,0,0,1
86,0,1,1,77,0,0,1
87,1,1,0,56,0,1,1
88,1,0,0,57,0,1,1
89,1,0,1,100,1,0,0
90,1,1,0,50,0,1,1
91,1,1,0,58,0,1,1
92,1,1,1,58,0,1,0
93,0,0,1,87,1,0,0
94,1,0,1,62,0,1,0
95,1,0,1,81,0,0,0
96,1,0,1,82,1,0,0
97,1,0,0,71,0,0,1
98,0,1,0,52,0,1,1
99,1,1,0,53,0,1,1
100,0,1,0,46,0,1,1
101,1,1,0,57,0,1,1
102,0,1,0,50,0,1,1
103,0,0,1,67,0,1,1
104,0,0,1,40,0,1,0
105,1,0,1,55,0,1,0
106,1,0,0,70,0,0,1
107,1,1,0,77,0,0,1
108,1,0,1,58,1,1,0
109,1,0,0,85,1,0,0
110,1,0,1,57,0,1,0
111,1,0,0,76,0,0,1
112,1,1,0,89,1,0,1
113,1,1,0,58,1,1,1
114,1,0,0,73,0,0,1
115,0,1,0,52,0,1,1
116,1,0,0,86,1,0,0
117,0,0,0,71,0,0,1
118,1,0,0,42,0,1,1
119,0,1,0,52,0,1,1
120,1,1,1,88,0,0,1
121,1,0,1,75,0,0,0
122,0,1,0,66,0,1,1
123,0,0,1,45,1,1,0
124,1,1,1,68,0,1,0
125,0,0,0,72,0,0,1
126,1,0,1,68,0,1,0
127,1,0,1,85,1,0,0
128,1,0,1,74,1,0,0
129,0,1,0,56,0,1,1
130,1,0,1,64,0,1,0
131,1,0,1,91,0,0,0
132,1,1,1,52,0,1,1
133,0,1,1,67,0,1,1
134,0,0,1,70,0,0,1
135,0,0,0,58,0,1,1
136,1,0,1,82,0,0,0
137,0,0,1,54,0,1,1
138,1,0,1,93,1,0,0
139,1,0,1,68,1,1,0
140,1,1,0,77,0,0,1
141,1,0,0,68,0,1,1
142,1,1,1,50,0,1,1
143,1,1,1,52,1,1,0
144,1,0,1,84,0,0,0
145,0,0,0,64,1,1,0
146,1,1,1,97,1,0,0
147,1,0,1,83,1,0,0
148,1,0,1,66,0,1,0
149,0,1,0,66,1,1,1
150,1,1,1,68,0,1,1
151,1,0,0,90,1,0,0
152,1,1,1,57,0,1,1
153,1,1,0,63,0,1,1
154,1,0,1,67,0,1,0
155,0,0,1,63,0,1,0
156,1,0,0,82,0,0,1
157,0,0,1,72,0,0,1
158,0,1,1,77,1,0,0
159,1,0,1,50,0,1,0
160,1,0,1,84,1,0,0
161,0,1,1,69,1,1,1
162,0,1,1,57,0,1,1
163,0,0,1,87,1,0,0
164,1,1,1,56,0,1,1
165,1,0,0,83,0,0,1
166,0,1,1,71,0,0,1
167,1,1,1,78,1,0,0
168,1,0,1,71,0,0,0
169,0,1,0,54,0,1,1
170,1,0,1,71,0,0,0
171,1,1,1,58,0,1,1
172,1,1,0,67,1,1,1
173,1,1,1,84,0,0,0
174,1,0,1,78,0,0,0
175,0,1,0,36,1,1,1
176,1,1,1,95,0,0,0
177,1,1,1,86,1,0,0
178,1,1,1,92,1,0,0
179,1,0,0,36,0,1,1
180,1,1,0,73,0,0,1
181,0,1,1,66,1,1,1
182,1,1,0,42,0,1,1
183,1,1,1,60,1,1,0
184,1,1,1,68,1,1,0
185,1,0,0,95,1,0,0
186,1,0,0,72,0,0,1
187,1,0,0,49,0,1,1
188,0,1,0,47,0,1,1
189,0,1,0,74,1,0,1
190,1,0,1,65,0,1,0
191,1,1,1,82,1,0,0
192,1,1,1,79,0,0,0
193,0,1,1,76,1,0,1
194,1,1,1,75,1,0,0
195,0,0,1,69,0,1,0
196,0,1,0,45,0,1,1
197,1,1,1,80,1,0,0
198,1,1,0,58,0,1,1
199,1,1,1,86,1,0,0
200,1,0,1,69,0,1,0
201,1,0,0,73,0,0,1
202,0,1,1,45,0,1,1
203,1,1,1,92,1,0,0
204,0,0,0,46,0,1,1
205,1,0,0,90,1,0,0
206,1,0,1,95,1,0,0
207,0,1,1,91,0,0,1
208,1,1,0,58,0,1,1
209,1,1,1,66,0,1,1
210,1,1,1,62,0,1,1
211,0,1,1,48,0,1,1
212,1,0,0,60,0,1,0
213,0,1,0,47,0,1,1
214,0,0,1,56,0,1,1
215,1,0,1,67,0,1,0
216,0,1,0,53,1,1,1
217,1,1,0,51,0,1,1
218,0,0,1,60,1,1,0
219,1,1,0,61,0,1,1
220,0,1,1,78,1,0,0
221,1,0,1,78,0,0,0
222,1,0,0,48,0,1,1
223,1,0,1,100,0,0,0
224,0,0,1,71,0,0,1
225,1,0,0,72,1,0,0
226,1,0,1,69,0,1,0
227,1,1,1,77,0,0,1
228,1,1,0,31,0,1,1
229,0,0,1,64,0,1,0
230,0,1,1,59,0,1,1
231,0,0,1,64,1,1,0
232,1,0,1,96,0,0,0
233,0,1,1,60,0,1,1
234,1,1,1,64,1,1,0
235,1,0,0,83,0,0,1
236,0,0,1,63,0,1,0
237,1,0,1,100,1,0,0
238,1,0,0,81,1,0,0
239,0,0,1,75,0,0,0
240,1,1,1,88,0,0,0
241,1,0,1,100,0,0,0
242,0,0,0,52,0,1,1
243,1,1,1,62,0,1,1
244,0,0,1,59,0,1,1
245,0,1,0,63,0,1,1
246,1,1,1,47,0,1,1
247,1,1,0,49,0,1,1
248,0,1,1,61,1,1,1
249,1,0,1,70,0,0,0
250,1,0,0,82,1,0,0
251,1,0,0,70,0,0,1
252,0,1,1,50,0,1,1
253,0,0,1,80,0,0,0
254,1,0,1,79,1,0,0
255,0,1,1,48,0,1,1
256,0,1,1,42,0,1,1
257,0,0,1,50,1,1,0
258,0,0,0,76,0,0,1
259,0,1,1,64,0,1,1
260,1,0,1,100,0,0,0
261,0,1,0,44,0,1,1
262,0,0,0,93,1,0,1
263,0,0,1,61,1,1,0
264,1,1,1,48,1,1,0
265,1,1,1,87,0,0,1
266,0,1,0,46,1,1,1
267,0,0,1,61,0,1,0
268,0,0,1,66,0,1,1
269,1,0,1,76,1,0,0
270,0,1,0,45,0,1,1
271,1,1,0,55,0,1,1
272,0,0,1,94,1,0,0
273,1,1,0,93,1,0,1
274,1,1,1,98,1,0,0
275,1,1,1,87,1,0,0
276,1,1,0,62,1,1,0
277,1,0,0,77,1,0,0
278,0,0,1,93,0,0,0
279,0,0,1,75,0,0,1
280,0,1,1,37,0,1,1
281,0,0,1,86,1,0,0
282,1,1,1,54,0,1,1
283,1,1,0,74,0,0,1
284,1,0,1,92,1,0,0
285,1,0,0,53,0,1,1
286,1,0,1,87,1,0,0
287,1,0,0,60,0,1,1
288,0,1,1,79,0,0,1
289,0,1,1,54,0,1,1
290,0,1,0,55,0,1,1
291,0,1,0,51,0,1,1
292,0,1,1,58,0,1,1
293,1,0,1,72,0,0,0
294,1,1,1,69,0,1,1
295,0,1,0,47,0,1,1
296,1,0,1,63,0,1,0
297,0,0,0,68,0,1,1
298,0,1,0,38,1,1,1
299,1,0,1,83,1,0,0
300,0,1,0,41,0,1,1
301,1,1,0,31,0,1,1
302,1,0,0,82,1,0,0
303,0,1,1,90,1,0,1
304,1,0,0,91,1,0,0
305,1,1,0,58,1,1,1
306,1,0,1,65,0,1,0
307,1,0,1,79,0,0,0
308,0,1,0,68,1,1,1
309,1,0,1,94,0,0,0
310,1,0,1,90,1,0,0
311,0,0,1,73,1,0,0
312,0,1,0,71,1,0,1
313,1,1,1,57,1,1,0
314,1,0,1,90,1,0,0
315,0,1,1,33,0,1,1
316,1,0,0,74,0,0,1
317,1,1,1,55,1,1,0
318,1,1,1,58,1,1,0
319,0,0,1,89,0,0,0
320,1,1,0,46,1,1,1
321,1,1,1,66,0,1,0
322,0,0,0,37,0,1,1
323,0,1,0,52,0,1,1
324,0,1,1,67,1,1,1
325,0,1,0,38,0,1,1
326,0,1,0,35,0,1,1
327,1,0,0,78,0,0,0
328,0,0,1,78,0,0,0
329,1,0,0,54,0,1,0
330,1,0,1,50,0,1,0
331,0,1,1,63,1,1,1
332,1,1,1,89,1,0,0
333,1,0,1,58,0,1,0
334,1,0,1,90,0,0,0
335,0,0,1,86,0,0,0
336,1,0,1,100,1,0,0
337,0,1,1,73,1,0,1
338,0,1,1,65,0,1,1
339,0,0,1,92,0,0,1
340,1,0,1,73,0,0,0
341,0,0,1,53,0,1,1
342,0,1,1,43,0,1,1
343,1,1,1,81,0,0,1
344,1,0,1,72,0,0,0
345,1,0,0,64,0,1,1
346,0,0,0,62,0,1,1
347,1,0,1,84,0,0,0
348,0,0,1,94,0,0,0
349,1,1,0,52,1,1,1
350,0,0,1,90,0,0,0
351,0,1,1,70,0,0,1
352,1,1,0,56,1,1,0
353,1,0,1,70,1,0,0
354,1,1,1,80,0,0,0
355,1,1,1,57,0,1,0
356,1,1,1,66,1,1,0
357,1,0,1,65,0,1,0
358,0,0,1,76,0,0,0
359,0,1,1,70,0,0,1
360,0,0,0,91,1,0,0
361,1,1,1,66,0,1,1
362,1,1,1,93,1,0,0
363,1,0,1,91,1,0,0
364,1,1,0,68,1,1,1
365,0,1,1,64,1,1,0
366,1,1,1,51,0,1,1
367,1,1,1,34,0,1,1
368,0,0,0,50,1,1,0
369,0,1,1,72,0,0,1
370,1,1,1,58,0,1,1
371,0,1,1,67,0,1,1
372,1,1,1,80,0,0,1
373,1,1,1,59,0,1,1
374,0,1,1,79,0,0,1
375,0,0,0,72,1,0,0
376,1,0,1,72,1,0,0
377,1,0,0,80,0,0,1
378,1,1,1,65,0,1,1
379,0,0,1,78,1,0,0
380,0,1,1,82,1,0,0
381,0,1,1,52,1,1,0
382,1,1,0,45,1,1,0
383,0,0,1,66,1,1,0
384,1,1,1,74,1,0,0
385,0,1,0,59,0,1,1
386,1,1,1,64,0,1,1
387,1,1,1,46,0,1,0
388,0,0,0,55,0,1,1
389,1,0,1,71,0,0,0
390,1,0,1,57,1,1,0
391,1,0,0,78,0,0,1
392,1,1,1,99,1,0,0
393,1,0,1,73,0,0,0
394,0,1,1,69,0,1,1
395,1,1,1,57,0,1,1
396,1,1,1,74,0,0,0
397,1,1,1,76,1,0,0
398,1,1,1,57,0,1,1
399,1,0,1,57,0,1,0
400,0,1,1,70,1,0,1
401,1,1,1,70,1,0,0
402,1,1,1,79,1,0,0
403,1,1,1,65,0,1,1
404,0,1,1,77,1,0,0
405,0,1,0,56,1,1,1
406,1,1,0,44,0,1,1
407,1,0,1,82,0,0,0
408,1,1,0,69,1,1,1
409,0,0,0,42,1,1,0
410,1,0,1,98,1,0,0
411,0,1,1,61,1,1,1
412,1,1,1,68,0,1,1
413,0,1,1,57,0,1,1
414,1,1,1,58,1,1,0
415,0,1,1,75,0,0,1
416,1,0,1,80,0,0,0
417,1,0,0,63,0,1,0
418,0,0,0,77,1,0,1
419,1,1,0,56,0,1,1
420,1,1,0,51,0,1,1
421,1,0,1,46,0,1,0
422,1,1,0,59,0,1,1
423,1,1,0,45,0,1,1
424,1,0,0,59,0,1,1
425,0,0,0,73,0,0,1
426,1,0,1,83,0,0,0
427,1,1,1,48,0,1,1
428,0,0,1,93,1,0,0
429,0,0,1,63,1,1,0
430,1,0,1,77,0,0,0
431,1,0,0,85,1,0,0
432,1,0,1,94,0,0,0
433,1,1,0,58,0,1,1
434,0,1,0,34,0,1,1
435,1,1,1,73,0,0,1
436,0,0,0,47,0,1,1
437,1,1,1,73,1,0,0
438,1,1,0,55,0,1,1
439,0,0,1,63,0,1,0
440,1,0,1,97,0,0,0
441,1,0,1,71,0,0,0
442,0,1,0,53,0,1,1
443,0,0,1,83,0,0,1
444,0,1,0,32,0,1,1
445,0,0,1,93,1,0,0
446,1,0,0,91,0,0,1
447,1,1,1,65,0,1,1
448,1,1,0,61,1,1,0
449,1,0,0,74,0,0,1
450,0,0,0,46,0,1,1
451,0,1,1,83,0,0,1
452,0,0,1,56,0,1,1
453,0,0,0,65,0,1,1
454,1,1,0,65,0,1,1
455,1,0,0,54,0,1,1
456,1,0,0,48,0,1,1
457,1,0,0,83,0,0,1
458,0,0,1,61,1,1,0
459,0,1,1,61,0,1,1
460,1,1,0,48,1,1,1
461,1,1,0,55,0,1,1
462,1,1,0,83,1,0,1
463,0,1,1,67,1,1,1
464,0,0,1,73,0,0,0
465,1,1,0,73,1,0,1
466,1,0,0,59,0,1,1
467,1,1,1,45,0,1,0
468,1,1,1,80,1,0,0
469,0,1,1,68,0,1,1
470,1,0,0,76,0,0,1
471,0,0,0,57,0,1,1
472,1,1,0,51,0,1,1
473,0,0,1,72,0,0,1
474,0,0,0,67,0,1,1
475,1,0,1,93,1,0,0
476,0,1,0,60,0,1,1
477,1,0,0,74,1,0,0
478,1,0,1,80,0,0,0
479,1,1,1,48,0,1,1
480,1,0,0,62,0,1,1
481,0,0,0,65,1,1,0
482,0,1,1,79,0,0,1
483,0,0,1,83,0,0,1
484,1,0,0,71,0,0,1
485,1,1,1,82,0,0,1
486,1,0,1,84,0,0,0
487,1,0,1,82,0,0,0
488,1,1,0,42,0,1,1
489,0,0,1,55,0,1,1
490,1,1,1,61,1,1,0
491,0,0,1,94,1,0,0
492,0,1,0,47,0,1,1
493,1,1,0,60,0,1,1
494,0,0,1,79,0,0,0
495,0,1,1,66,0,1,1
496,0,1,1,52,1,1,1
497,0,1,1,74,1,0,1
498,0,1,1,93,1,0,1
499,0,1,1,46,0,1,1
500,1,0,1,82,0,0,0
501,1,0,0,80,0,0,0
502,1,1,1,79,0,0,1
503,1,1,1,44,0,1,1
504,1,0,0,83,0,0,1
505,1,0,1,71,0,0,0
506,0,1,1,55,0,1,1
507,1,0,1,100,0,0,0
508,1,1,1,67,1,1,0
509,1,1,0,68,1,1,1
510,0,0,1,51,0,1,1
511,1,1,1,56,0,1,0
512,1,1,1,65,1,1,0
513,1,1,1,75,0,0,1
514,0,1,0,51,0,1,1
515,1,1,1,89,1,0,0
516,1,0,1,78,0,0,0
517,1,1,1,76,0,0,0
518,1,1,0,62,1,1,1
519,1,1,1,78,0,0,1
520,1,1,1,62,0,1,1
521,1,0,0,71,0,0,1
522,0,0,1,98,1,0,0
523,0,0,1,100,1,0,0
524,1,1,1,87,1,0,0
525,1,1,1,83,0,0,1
526,0,1,1,58,1,1,1
527,1,0,0,88,1,0,0
528,0,0,1,57,0,1,0
529,1,0,1,72,0,0,0
530,0,0,1,80,0,0,0
531,1,0,1,81,0,0,0
532,1,0,0,77,1,0,0
533,1,0,1,75,0,0,0
534,1,0,0,78,0,0,1
535,1,0,1,69,0,1,0
536,1,0,1,86,1,0,0
537,0,1,0,65,0,1,1
538,1,0,1,83,0,0,0
539,1,1,1,36,0,1,1
540,1,1,0,42,0,1,1
541,1,1,0,71,0,0,1
542,1,0,1,83,0,0,0
543,1,1,1,61,1,1,0
544,1,0,1,74,0,0,0
545,1,0,1,79,1,0,0
546,1,0,1,89,0,0,0
547,1,1,1,76,0,0,0
548,1,1,0,24,0,1,1
549,1,0,1,74,0,0,0
550,1,0,1,76,1,0,0
551,1,1,0,48,0,1,1
552,0,0,0,65,0,1,1
553,0,0,1,61,0,1,1
554,1,1,1,67,0,1,1
555,1,1,0,59,1,1,1
556,1,0,1,48,0,1,0
557,0,1,1,68,1,1,1
558,0,1,0,40,1,1,1
559,1,1,1,74,0,0,1
560,0,0,1,49,0,1,0
561,1,0,1,100,1,0,0
562,1,0,1,68,1,1,0
563,0,1,1,80,1,0,0
564,1,1,0,71,0,0,1
565,1,1,1,61,0,1,1
566,1,0,0,86,0,0,1
567,1,1,1,53,0,1,1
568,1,0,1,53,0,1,0
569,1,1,1,70,0,0,1
570,1,1,1,71,0,0,0
571,1,0,1,79,0,0,0
572,1,0,1,51,0,1,0
573,1,0,0,80,1,0,0
574,1,1,1,59,1,1,0
575,1,0,1,73,0,0,0
576,0,1,1,89,1,0,1
577,1,0,1,97,0,0,0
578,1,1,0,62,0,1,1
579,0,1,1,64,0,1,1
580,0,1,1,75,0,0,1
581,0,0,1,73,0,0,0
582,0,1,0,41,0,1,1
583,1,0,0,58,0,1,1
584,1,1,1,43,0,1,0
585,1,1,0,59,1,1,1
586,0,0,0,49,0,1,1
587,1,1,0,56,1,1,0
588,1,0,1,63,0,1,0
589,1,0,0,51,0,1,1
590,1,0,0,46,0,1,1
591,0,1,0,53,1,1,1
592,1,0,1,91,1,0,0
593,1,1,0,82,1,0,0
594,0,0,1,54,0,1,0
595,1,0,1,64,0,1,0
596,0,1,0,32,0,1,1
597,1,1,1,67,0,1,0
598,0,1,0,39,0,1,1
599,1,1,0,55,0,1,1
600,1,1,0,73,1,0,1
601,0,1,1,47,1,1,1
602,0,0,0,56,0,1,1
603,1,0,1,85,1,0,0
604,0,1,1,42,0,1,1
605,1,0,1,80,1,0,0
606,1,1,1,91,1,0,0
607,0,0,1,53,0,1,1
608,0,0,1,62,0,1,1
609,1,0,1,62,0,1,0
610,0,1,0,55,0,1,1
611,0,0,1,54,1,1,0
612,0,1,1,92,1,0,0
613,1,0,1,100,1,0,0
614,1,1,1,78,0,0,1
615,0,1,1,68,0,1,1
616,1,0,1,78,1,0,0
617,1,1,1,64,0,1,1
618,0,1,1,36,0,1,1
619,0,1,1,70,0,0,1
620,0,1,1,57,0,1,1
621,0,1,0,67,1,1,1
622,1,1,0,60,0,1,1
623,0,0,1,49,0,1,1
624,0,0,1,77,1,0,0
625,0,0,0,84,0,0,1
626,1,1,1,70,0,0,1
627,1,0,0,78,1,0,0
628,0,1,1,55,1,1,0
629,1,1,1,52,0,1,1
630,1,0,1,88,0,0,0
631,0,1,0,63,1,1,1
632,1,0,0,54,1,1,0
633,0,1,0,44,0,1,1
634,1,1,1,49,0,1,1
635,0,0,0,68,1,1,0
636,1,1,1,40,0,1,1
637,0,1,1,61,0,1,1
638,0,1,0,33,0,1,1
639,0,0,0,42,0,1,1
640,1,1,1,55,0,1,1
641,0,1,1,68,0,1,1
642,0,1,1,55,0,1,1
643,1,1,0,75,0,0,1
644,0,1,1,47,0,1,1
645,1,0,1,89,0,0,0
646,1,1,0,72,0,0,1
647,1,1,0,78,0,0,1
648,1,1,1,59,0,1,1
649,1,0,0,56,0,1,1
650,0,0,1,80,1,0,0
651,0,0,0,68,0,1,1
652,1,0,1,83,0,0,0
653,1,0,1,67,0,1,0
654,1,1,1,82,1,0,0
655,1,1,1,83,0,0,1
656,1,0,0,62,1,1,0
657,0,1,1,67,0,1,1
658,1,0,0,83,1,0,0
659,1,0,1,62,0,1,0
660,1,0,0,69,0,1,1
661,0,0,1,89,0,0,1
662,0,0,1,62,0,1,0
663,1,1,0,61,0,1,1
664,1,0,0,100,1,0,0
665,1,1,1,70,0,0,1
666,0,0,1,56,0,1,0
667,0,1,1,73,0,0,1
668,0,0,1,76,0,0,1
669,0,1,0,20,0,1,1
670,0,0,0,65,0,1,1
671,0,1,0,63,0,1,1
672,1,0,0,78,1,0,0
673,0,1,1,66,0,1,1
674,0,0,0,60,0,1,1
675,1,1,1,87,1,0,0
676,1,0,0,49,0,1,1
677,1,1,1,74,1,0,0
678,0,0,1,88,1,0,0
679,0,0,1,76,0,0,1
680,1,0,0,71,1,0,0
681,0,0,1,83,0,0,1
682,1,1,1,69,0,1,0
683,1,1,1,92,1,0,0
684,1,0,0,73,0,0,1
685,1,0,0,56,1,1,0
686,1,1,1,59,0,1,1
687,0,0,1,70,1,0,0
688,0,1,1,53,0,1,1
689,1,0,0,49,0,1,1
690,0,1,0,45,0,1,1
691,1,1,0,74,0,0,1
692,0,0,1,64,0,1,1
693,1,1,1,39,0,1,1
694,1,1,1,69,0,1,1
695,1,0,0,75,1,0,0
696,1,0,1,88,1,0,0
697,1,0,1,95,1,0,0
698,1,0,1,100,1,0,0
699,1,0,0,68,0,1,0
700,1,0,0,62,0,1,1
701,0,1,1,66,0,1,1
702,1,1,0,74,0,0,1
703,1,1,0,66,0,1,1
704,0,0,1,66,0,1,1
705,1,1,0,57,0,1,1
706,0,0,0,82,1,0,1
707,0,0,1,95,1,0,0
708,0,0,1,95,0,0,0
709,1,0,1,89,0,0,0
710,1,0,0,73,1,0,0
711,1,0,1,82,1,0,0
712,0,0,0,40,0,1,1
713,1,0,0,75,0,0,1
714,1,1,1,58,0,1,1
715,1,0,1,87,1,0,0
716,0,0,1,76,0,0,0
717,1,0,1,77,1,0,0
718,1,1,0,79,1,0,1
719,0,1,1,73,0,0,1
720,0,1,0,60,0,1,1
721,1,1,1,98,0,0,0
722,1,1,1,68,0,1,1
723,1,1,1,61,0,1,0
724,1,0,0,84,0,0,1
725,1,0,1,71,0,0,0
726,0,0,1,50,0,1,1
727,0,0,1,73,0,0,0
728,1,0,0,79,0,0,0
729,1,0,0,43,0,1,1
730,1,0,1,75,0,0,0
731,1,0,0,66,0,1,1
732,1,1,1,47,0,1,1
733,0,0,1,67,0,1,1
734,1,0,1,100,1,0,0
735,1,0,1,93,0,0,0
736,1,0,1,82,1,0,0
737,1,1,1,62,0,1,1
738,1,1,1,90,1,0,0
739,0,1,1,89,1,0,0
740,0,0,1,73,0,0,1
741,0,0,0,44,0,1,1
742,1,0,1,70,0,0,0
743,1,1,0,75,1,0,1
744,1,0,1,63,0,1,0
745,1,1,1,95,1,0,0
746,1,0,1,94,0,0,0
747,1,0,1,73,0,0,0
748,1,0,1,100,1,0,0
749,1,0,1,67,0,1,0
750,0,1,0,56,0,1,1
751,1,1,1,79,0,0,1
752,0,1,1,69,0,1,1
753,1,0,0,76,0,0,1
754,0,0,1,86,0,0,0
755,0,0,1,59,0,1,0
756,1,1,0,58,0,1,1
757,0,1,0,59,0,1,1
758,0,1,0,24,0,1,1
759,0,0,0,76,0,0,1
760,1,0,1,96,1,0,0
761,0,1,0,47,1,1,1
762,1,0,1,70,0,0,0
763,0,0,0,73,0,0,1
764,0,1,0,56,1,1,1
765,0,0,1,100,1,0,0
766,1,1,0,58,0,1,1
767,0,0,0,64,1,1,0
768,1,1,1,75,0,0,1
769,0,1,1,64,1,1,0
770,0,1,1,52,0,1,1
771,1,1,1,86,1,0,0
772,0,1,1,58,1,1,1
773,1,1,0,68,0,1,1
774,1,0,0,59,0,1,1
775,1,1,1,73,0,0,1
776,1,1,0,55,0,1,1
777,1,0,1,90,1,0,0
778,0,1,1,51,1,1,0
779,0,0,1,91,0,0,1
780,0,0,0,66,0,1,1
781,0,0,1,66,0,1,1
782,1,0,0,60,0,1,1
783,0,0,1,60,0,1,1
784,1,0,1,71,0,0,0
785,1,1,1,71,0,0,0
786,1,1,1,80,0,0,1
787,0,1,0,45,1,1,1
788,1,1,0,37,0,1,1
789,0,1,0,76,0,0,1
790,1,1,0,47,1,1,1
791,1,1,1,73,1,0,0
792,0,0,1,76,1,0,0
793,1,1,1,88,1,0,0
794,0,0,1,64,0,1,1
795,0,0,1,61,0,1,1
796,0,0,1,84,1,0,0
797,1,1,1,83,0,0,0
798,1,1,1,69,0,1,1
799,1,0,1,84,1,0,0
800,0,1,1,54,0,1,1
801,1,1,0,27,0,1,1
802,0,1,1,57,0,1,1
803,0,1,1,78,1,0,1
804,1,0,0,80,1,0,0
805,0,1,1,70,0,0,1
806,1,1,1,72,1,0,0
807,0,1,0,35,0,1,1
808,0,0,1,68,0,1,1
809,1,0,0,70,1,0,0
810,0,0,1,77,0,0,0
811,1,1,0,68,0,1,1
812,1,1,1,45,0,1,1
813,1,0,0,51,0,1,1
814,1,0,1,53,0,1,0
815,0,1,1,65,0,1,1
816,1,1,0,79,0,0,1
817,0,0,0,83,1,0,1
818,1,0,1,86,0,0,0
819,1,1,1,71,0,0,1
820,0,0,1,70,1,0,0
821,0,1,1,57,0,1,1
822,0,1,0,82,1,0,1
823,1,1,1,48,0,1,1
824,1,0,1,82,1,0,0
825,0,1,1,35,0,1,1
826,1,1,1,81,1,0,0
827,0,0,1,73,1,0,0
828,0,1,1,53,1,1,1
829,1,1,1,84,1,0,0
830,0,1,1,81,0,0,1
831,1,0,1,76,1,0,0
832,1,0,1,71,0,0,0
833,0,1,1,71,0,0,1
834,0,0,1,83,1,0,0
835,0,0,1,62,0,1,1
836,1,0,1,92,1,0,0
837,0,1,0,57,1,1,1
838,0,1,1,49,1,1,0
839,1,0,1,74,0,0,0
840,1,1,1,57,0,1,0
841,1,1,1,87,1,0,0
842,1,1,1,50,0,1,1
843,1,0,1,100,0,0,0
844,1,0,1,97,1,0,0
845,1,0,1,74,0,0,0
846,0,0,0,71,0,0,1
847,1,1,1,69,0,1,0
848,1,1,0,60,0,1,1
849,1,1,0,40,0,1,1
850,0,1,1,80,1,0,1
851,0,1,1,70,0,0,1
852,0,0,0,43,0,1,1
853,0,0,1,60,1,1,0
854,0,1,0,48,0,1,1
855,1,0,1,68,0,1,0
856,0,1,0,44,0,1,1
857,1,1,1,53,0,1,1
858,0,0,0,44,1,1,1
859,1,1,1,71,0,0,1
860,1,1,1,47,0,1,1
861,1,1,0,45,0,1,1
862,1,0,0,53,0,1,1
863,0,0,1,70,0,0,0
864,0,1,0,53,0,1,1
865,1,0,1,88,1,0,0
866,1,1,1,69,0,1,1
867,1,1,1,79,1,0,0
868,0,1,1,55,0,1,1
869,0,1,1,36,0,1,1
870,0,0,1,59,1,1,0
871,0,0,1,79,1,0,0
872,1,0,1,67,0,1,0
873,0,0,1,82,0,0,0
874,1,0,1,74,1,0,0
875,0,1,0,43,1,1,1
876,0,1,0,44,0,1,1
877,1,0,0,44,0,1,1
878,0,1,1,75,0,0,1
879,1,0,1,89,1,0,0
880,1,1,0,85,1,0,1
881,1,1,0,74,0,0,1
882,1,0,1,91,1,0,0
883,0,0,0,66,1,1,0
884,1,1,1,77,1,0,0
885,0,1,0,46,0,1,1
886,1,0,1,100,0,0,0
887,1,1,1,61,0,1,1
888,0,1,1,70,1,0,1
889,1,1,1,76,1,0,0
890,1,1,0,76,1,0,1
891,1,1,1,85,1,0,0
892,0,0,0,76,0,0,1
893,0,1,0,73,0,0,1
894,0,1,1,85,0,0,1
895,1,0,1,91,0,0,0
896,0,1,1,77,0,0,1
897,1,1,0,55,1,1,1
898,0,1,1,81,0,0,1
899,1,0,1,73,0,0,0
900,0,0,1,71,1,0,0
901,0,1,1,59,0,1,1
902,1,1,1,70,1,0,0
903,1,1,1,92,1,0,0
904,1,1,0,52,0,1,1
905,0,1,0,56,0,1,1
906,0,0,1,92,0,0,0
907,1,0,1,75,0,0,0
908,1,1,1,49,0,1,1
909,1,1,1,69,0,1,1
910,0,1,1,82,1,0,0
911,1,0,0,78,0,0,1
912,0,1,1,58,0,1,1
913,1,0,1,100,1,0,0
914,1,0,1,100,1,0,0
915,0,0,1,41,0,1,1
916,1,0,1,80,0,0,0
917,0,0,1,65,0,1,0
918,0,1,1,87,1,0,0
919,1,1,0,66,1,1,1
920,1,0,1,82,0,0,0
921,1,0,0,76,1,0,0
922,1,1,1,61,0,1,1
923,0,0,1,62,1,1,0
924,1,0,0,88,0,0,1
925,1,0,1,78,0,0,0
926,1,0,1,66,0,1,0
927,1,0,1,84,1,0,0
928,0,1,0,80,1,0,1
929,0,0,0,46,0,1,1
930,1,1,0,29,0,1,1
931,1,1,0,59,0,1,1
932,1,1,0,54,0,1,1
933,1,0,1,59,0,1,0
934,1,0,1,91,1,0,0
935,0,0,1,57,0,1,1
936,1,0,1,49,0,1,0
937,1,0,0,71,0,0,1
938,1,0,0,77,1,0,0
939,1,1,1,74,1,0,0
940,1,1,1,55,0,1,1
941,0,0,0,75,0,0,1
942,1,1,1,82,0,0,1
943,0,0,1,59,0,1,1
944,1,1,1,58,0,1,1
945,1,1,1,60,0,1,1
946,0,0,1,89,1,0,0
947,0,1,1,54,0,1,1
948,0,0,1,74,0,0,1
949,1,1,0,47,0,1,1
950,1,1,1,78,0,0,1
951,0,1,1,79,0,0,1
952,1,1,0,52,0,1,1
953,1,1,1,64,0,1,1
954,1,1,1,66,0,1,1
955,1,1,1,71,0,0,0
956,1,0,0,60,1,1,0
957,1,0,1,71,0,0,0
958,0,1,1,78,1,0,1
959,1,1,1,76,0,0,1
960,0,1,0,62,1,1,1
961,1,0,0,62,0,1,0
962,0,1,1,69,1,1,1
963,1,0,1,83,1,0,0
964,1,1,1,75,1,0,0
965,1,1,1,76,1,0,0
966,0,1,1,77,1,0,0
967,1,1,1,78,1,0,0
968,1,0,1,73,0,0,0
969,1,1,1,61,0,1,1
970,0,0,1,62,1,1,0
971,1,1,1,66,0,1,1
972,1,1,1,45,0,1,1
973,1,0,0,78,0,0,0
974,1,0,1,86,0,0,0
975,1,1,1,78,0,0,1
976,1,0,1,72,0,0,0
977,1,0,1,53,0,1,0
978,1,0,0,41,0,1,1
979,0,0,0,67,0,1,1
980,1,1,1,60,0,1,1
981,1,1,0,46,1,1,1
982,0,1,1,22,0,1,1
983,1,1,1,78,0,0,0
984,1,1,0,65,0,1,1
985,0,0,1,66,0,1,1
986,1,1,1,58,0,1,1
987,0,0,0,37,0,1,1
988,0,0,1,78,1,0,0
989,1,1,1,56,0,1,1
990,1,1,1,64,0,1,0
991,1,1,0,61,1,1,1
992,0,1,1,66,1,1,0
993,0,0,1,71,1,0,0
994,1,1,1,83,1,0,0
995,1,1,0,65,0,1,1
996,1,1,1,67,1,1,0
997,1,0,0,55,0,1,0
998,1,1,0,45,1,1,1
999,0,1,1,54,0,1,1
1000,1,1,1,64,0,1,1
1001,0,1,1,39,0,1,1
1002,0,1,0,51,1,1,1
1003,0,0,1,60,0,1,0
1004,0,0,0,69,0,1,1
1005,0,0,0,76,1,0,0
1006,0,0,0,68,0,1,1
1007,1,0,0,72,0,0,1
1008,1,0,0,62,0,1,1
1009,1,1,1,81,0,0,1
1010,0,0,1,78,0,0,0
1011,0,0,1,68,1,1,0
1012,1,0,1,84,1,0,0
1013,1,0,1,79,0,0,0
1014,1,1,0,81,0,0,1
1015,1,0,1,85,0,0,0
1016,0,0,1,87,0,0,0
1017,1,0,1,70,0,0,0
1018,1,1,0,52,1,1,1
1019,1,0,1,79,0,0,0
1020,1,1,1,58,0,1,0
1021,0,1,1,62,0,1,1
1022,1,0,1,99,1,0,0
1023,0,1,1,53,0,1,1
1024,1,0,1,67,0,1,0
1025,1,1,0,71,1,0,1
1026,1,0,1,69,1,1,0
1027,0,0,1,92,1,0,0
1028,1,1,1,52,0,1,1
1029,0,1,1,58,1,1,1
1030,0,1,0,35,0,1,1
1031,1,1,1,58,0,1,1
1032,0,1,1,75,1,0,1
1033,1,1,0,50,1,1,1
1034,0,0,0,56,0,1,1
1035,0,1,1,79,0,0,1
1036,0,0,1,73,0,0,0
1037,1,0,0,81,1,0,0
1038,0,0,1,54,0,1,1
1039,0,0,1,88,0,0,0
1040,0,1,1,57,1,1,1
1041,1,1,0,67,1,1,0
1042,0,1,1,45,0,1,1
1043,1,0,1,77,0,0,0
1044,1,1,1,63,0,1,1
1045,0,1,1,76,1,0,0
1046,1,1,1,80,1,0,0
1047,0,0,1,90,1,0,0
1048,0,0,1,74,0,0,0
1049,0,0,1,83,1,0,0
1050,1,1,0,66,0,1,1
1051,0,0,0,72,0,0,1
1052,1,0,1,85,1,0,0
1053,0,1,1,52,0,1,1
1054,0,1,1,70,1,0,1
1055,0,0,1,53,0,1,1
1056,1,1,0,63,0,1,1
1057,1,1,1,66,0,1,1
1058,0,1,1,66,0,1,1
1059,1,1,1,96,1,0,0
1060,0,1,1,70,0,0,1
1061,1,1,1,71,1,0,0
1062,0,0,1,77,0,0,0
1063,0,1,0,57,1,1,1
1064,1,1,1,85,1,0,0
1065,0,0,1,82,0,0,0
1066,1,1,1,50,0,1,1
1067,0,1,1,53,0,1,1
1068,1,0,1,94,0,0,0
1069,0,1,0,47,0,1,1
1070,1,0,1,68,0,1,0
1071,1,1,1,81,1,0,0
1072,1,0,1,80,0,0,0
1073,1,0,1,97,0,0,0
1074,1,0,1,63,0,1,0
1075,0,0,1,60,0,1,0
1076,1,1,1,79,1,0,0
1077,0,1,1,47,0,1,1
1078,1,1,1,58,0,1,0
1079,0,0,1,78,1,0,0
1080,1,1,1,52,0,1,1
1081,0,1,1,86,1,0,0
1082,0,0,1,61,0,1,0
1083,1,0,0,89,0,0,0
1084,1,1,0,46,0,1,1
1085,1,0,1,82,1,0,0
1086,1,0,0,65,0,1,0
1087,1,0,1,77,0,0,0
1088,1,0,0,92,0,0,1
1089,1,0,1,78,0,0,0
1090,0,1,1,63,1,1,1
1091,0,1,1,51,0,1,1
1092,0,1,0,32,0,1,1
1093,1,1,0,60,0,1,1
1094,0,0,1,88,1,0,0
1095,1,1,1,72,0,0,1
1096,0,0,0,49,0,1,1
1097,0,1,1,63,1,1,1
1098,0,1,1,60,0,1,1
1099,1,1,1,45,0,1,1
1100,0,1,1,57,0,1,1
1101,0,0,0,64,1,1,0
1102,0,1,1,76,1,0,1
1103,1,0,0,59,1,1,0
1104,1,1,0,79,1,0,1
1105,0,0,0,71,1,0,1
1106,1,0,0,52,0,1,1
1107,1,1,1,74,1,0,0
1108,0,0,1,91,1,0,0
1109,0,1,0,51,0,1,1
1110,1,0,0,49,0,1,1
1111,0,0,1,84,0,0,0
1112,1,1,1,56,1,1,0
1113,0,1,0,53,0,1,1
1114,1,0,1,90,0,0,0
1115,1,1,0,31,0,1,1
1116,0,1,0,59,1,1,1
1117,1,1,0,82,1,0,1
1118,1,0,0,61,1,1,0
1119,1,1,0,64,0,1,1
1120,1,0,0,55,0,1,1
1121,1,1,1,64,0,1,1
1122,0,1,1,57,0,1,1
1123,1,0,1,83,1,0,0
1124,1,0,1,90,1,0,0
1125,1,1,1,74,0,0,1
1126,1,1,0,66,0,1,1
1127,1,1,0,81,0,0,1
1128,1,0,1,99,1,0,0
1129,0,1,0,83,1,0,1
1130,1,0,0,58,0,1,0
1131,0,0,0,33,0,1,1
1132,1,0,1,59,0,1,0
1133,1,1,0,87,1,0,1
1134,1,0,1,77,0,0,0
1135,0,0,1,77,0,0,0
1136,0,0,1,89,1,0,0
1137,1,1,1,100,1,0,0
1138,1,0,1,92,0,0,0
1139,1,0,0,72,0,0,0
1140,0,1,0,67,0,1,1
1141,0,1,0,89,1,0,1
1142,1,0,0,61,0,1,1
1143,1,0,1,93,0,0,0
1144,0,0,0,48,1,1,1
1145,0,0,0,63,0,1,1
1146,1,0,1,62,0,1,0
1147,0,0,1,90,0,0,1
1148,0,0,1,76,0,0,0
1149,0,0,0,82,1,0,1
1150,1,0,1,54,0,1,0
1151,0,1,1,59,0,1,1
1152,1,1,0,12,0,1,1
1153,0,1,1,55,1,1,0
1154,0,1,1,62,0,1,1
1155,0,0,1,78,0,0,1
1156,0,1,1,60,0,1,1
1157,0,0,1,92,1,0,0
1158,1,0,1,92,0,0,0
1159,1,0,1,100,1,0,0
1160,0,0,1,59,0,1,1
1161,1,1,1,72,1,0,0
1162,1,1,1,50,0,1,1
1163,1,1,0,77,1,0,1
1164,0,1,1,75,0,0,1
1165,1,0,0,64,0,1,1
1166,1,0,0,36,0,1,1
1167,1,0,0,52,0,1,0
1168,0,0,0,54,0,1,1
1169,1,1,0,62,0,1,1
1170,1,0,1,69,0,1,0
1171,0,0,0,79,1,0,1
1172,1,0,1,81,0,0,0
1173,1,1,0,53,0,1,1
1174,1,0,1,71,0,0,0
1175,0,0,1,55,0,1,1
1176,0,1,1,62,0,1,1
1177,1,0,1,72,1,0,0
1178,0,0,0,62,0,1,1
1179,0,1,1,76,0,0,1
1180,1,1,1,99,1,0,0
1181,1,0,0,73,0,0,0
1182,0,1,0,49,0,1,1
1183,1,0,1,72,0,0,0
1184,1,0,1,81,1,0,0
1185,0,1,0,48,1,1,1
1186,1,1,1,62,0,1,0
1187,0,1,1,67,0,1,1
1188,1,1,0,67,1,1,0
1189,1,1,1,88,0,0,1
1190,1,0,1,57,0,1,0
1191,1,0,1,86,0,0,0
1192,0,0,1,73,0,0,1
1193,0,1,1,61,1,1,0
1194,1,0,1,57,0,1,0
1195,1,1,1,80,0,0,1
1196,1,1,1,57,0,1,1
1197,1,0,0,84,1,0,0
1198,1,1,1,74,0,0,1
1199,1,1,1,70,1,0,0
1200,0,0,0,41,0,1,1
1201,0,0,0,40,0,1,1
1202,1,0,1,91,0,0,0
1203,1,1,1,40,0,1,1
1204,1,0,1,79,0,0,0
1205,0,1,1,62,0,1,1
1206,1,0,0,87,1,0,0
1207,0,0,1,53,0,1,0
1208,1,0,1,95,1,0,0
1209,1,0,1,100,0,0,0
1210,1,1,1,65,0,1,1
1211,0,1,1,57,0,1,1
1212,0,1,0,68,1,1,1
1213,0,0,1,76,1,0,0
1214,0,0,1,85,0,0,0
1215,0,1,1,62,0,1,1
1216,0,0,1,73,0,0,1
1217,1,0,1,76,0,0,0
1218,1,0,1,82,1,0,0
1219,0,1,1,91,1,0,0
1220,0,0,1,87,0,0,1
1221,1,1,1,73,0,0,0
1222,0,1,1,66,0,1,1
1223,1,0,1,89,1,0,0
1224,0,1,1,78,1,0,1
1225,0,0,0,39,0,1,1
1226,1,0,1,89,0,0,0
1227,0,1,0,62,0,1,1
1228,1,1,1,81,0,0,0
1229,0,0,1,56,0,1,1
1230,1,0,0,67,1,1,0
1231,0,1,0,29,0,1,1
1232,0,1,1,60,0,1,1
1233,1,0,1,88,0,0,0
1234,1,0,0,57,1,1,0
1235,0,1,1,51,0,1,1
1236,0,1,0,59,1,1,1
1237,0,0,0,81,0,0,1
1238,1,0,0,66,1,1,0
1239,0,0,1,100,1,0,0
1240,0,1,1,69,0,1,1
1241,0,1,0,22,0,1,1
1242,0,1,0,50,0,1,1
1243,0,0,1,85,1,0,0
1244,0,0,1,81,1,0,0
1245,0,1,0,56,0,1,1
1246,1,1,1,77,1,0,0
1247,0,1,0,79,1,0,1
1248,1,0,1,93,0,0,0
1249,0,1,1,40,0,1,1
1250,1,0,0,46,0,1,1
1251,1,1,1,68,0,1,0
1252,1,1,1,55,0,1,1
1253,1,1,1,74,0,0,1
1254,1,1,1,66,0,1,1
1255,0,0,0,74,1,0,0
1256,1,1,0,68,0,1,1
1257,1,1,0,53,0,1,1
1258,0,0,1,92,1,0,0
1259,1,1,1,68,0,1,1
1260,0,0,1,68,0,1,1
1261,1,0,1,95,1,0,0
1262,1,0,1,97,0,0,0
1263,1,0,1,98,1,0,0
1264,0,1,0,46,0,1,1
1265,1,0,0,29,0,1,1
1266,0,0,1,83,1,0,0
1267,1,1,0,69,1,1,0
1268,1,1,1,51,0,1,1
1269,1,0,1,100,0,0,0
1270,0,0,0,53,1,1,0
1271,1,0,1,92,0,0,0
1272,1,0,0,67,0,1,1
1273,0,0,1,87,0,0,1
1274,0,1,1,57,0,1,1
1275,0,0,1,63,0,1,1
1276,1,0,1,100,1,0,0
1277,0,1,1,67,1,1,1
1278,1,1,0,39,1,1,1
1279,0,0,0,56,0,1,1
1280,0,0,1,64,0,1,0
1281,1,0,0,78,0,0,1
1282,1,1,1,76,0,0,1
1283,1,0,1,88,0,0,0
1284,0,1,0,38,0,1,1
1285,0,1,1,79,0,0,1
1286,1,0,1,87,0,0,0
1287,1,0,0,74,0,0,1
1288,0,0,1,61,0,1,1
1289,1,0,1,56,0,1,0
1290,0,0,1,91,0,0,0
1291,0,0,1,54,0,1,0
1292,1,0,0,66,1,1,0
1293,0,0,1,71,0,0,0
1294,0,0,0,63,0,1,1
1295,0,0,1,77,0,0,1
1296,1,1,1,63,0,1,1
1297,0,1,0,42,0,1,1
1298,0,1,0,47,0,1,1
1299,0,0,1,85,1,0,0
1300,1,1,0,67,0,1,1
1301,0,1,1,77,0,0,1
1302,0,1,1,63,0,1,1
1303,1,0,1,81,0,0,0
1304,1,0,1,99,0,0,0
1305,1,1,1,67,0,1,1
1306,0,1,0,56,0,1,1
1307,0,0,1,61,0,1,0
1308,0,1,1,53,1,1,1
1309,0,1,1,52,0,1,1
1310,0,1,1,59,0,1,1
1311,0,1,0,46,0,1,1
1312,0,0,1,55,0,1,1
1313,0,1,1,62,1,1,1
1314,1,0,0,78,0,0,1
1315,1,1,1,62,0,1,1
1316,1,0,1,64,0,1,0
1317,0,0,0,60,0,1,1
1318,0,1,1,93,1,0,0
1319,0,0,1,67,0,1,0
1320,0,0,1,60,1,1,0
1321,0,0,0,53,0,1,1
1322,0,1,1,45,0,1,1
1323,0,1,1,81,1,0,1
1324,1,0,1,95,0,0,0
1325,0,0,1,82,0,0,1
1326,1,1,1,68,0,1,1
1327,0,1,1,80,1,0,1
1328,1,0,1,74,0,0,0
1329,0,1,1,78,0,0,1
1330,1,0,1,73,0,0,0
1331,1,1,0,60,1,1,1
1332,1,0,1,56,0,1,0
1333,1,1,0,59,1,1,1
1334,1,0,0,77,0,0,0
1335,0,1,0,56,1,1,1
1336,1,1,0,47,1,1,1
1337,1,1,1,59,1,1,0
1338,1,0,0,77,0,0,0
1339,1,0,0,76,0,0,1
1340,0,0,1,72,0,0,1
1341,0,0,1,73,1,0,0
1342,0,1,1,54,0,1,1
1343,1,1,1,60,0,1,1
1344,0,1,1,72,1,0,1
1345,1,0,1,76,1,0,0
1346,1,1,1,42,0,1,1
1347,1,0,1,63,1,1,0
1348,0,1,1,60,0,1,1
1349,1,0,1,83,0,0,0
1350,0,1,0,58,0,1,1
1351,1,0,1,62,0,1,0
1352,1,1,0,78,1,0,1
1353,0,0,0,39,0,1,1
1354,1,1,1,61,0,1,0
1355,0,0,0,93,1,0,0
1356,0,0,0,56,1,1,0
1357,0,0,1,86,1,0,0
1358,1,1,0,62,0,1,1
1359,0,1,0,42,0,1,1
1360,1,1,1,76,0,0,0
1361,1,1,0,51,0,1,1
1362,0,0,1,84,1,0,0
1363,1,1,0,47,0,1,1
1364,0,0,0,70,0,0,1
1365,1,0,1,65,0,1,0
1366,0,0,1,79,1,0,0
1367,1,1,0,35,0,1,1
1368,1,1,1,74,0,0,1
1369,0,0,1,81,0,0,1
1370,1,1,0,67,0,1,1
1371,1,0,1,18,0,1,0
1372,1,1,1,68,0,1,1
1373,1,0,0,64,0,1,1
1374,0,0,0,62,0,1,1
1375,1,0,1,76,0,0,0
1376,0,0,1,69,0,1,0
1377,1,0,1,92,1,0,0
1378,1,0,0,77,0,0,1
1379,0,1,1,53,0,1,1
1380,0,0,1,84,1,0,0
1381,1,0,1,100,1,0,0
1382,0,0,0,57,0,1,1
1383,0,0,1,79,0,0,1
1384,1,1,1,76,0,0,1
1385,1,1,1,68,1,1,0
1386,0,0,1,84,1,0,0
1387,1,1,0,50,0,1,1
1388,1,1,1,58,1,1,0
1389,0,0,1,49,0,1,1
1390,0,0,1,83,1,0,0
1391,1,1,1,74,0,0,1
1392,1,1,1,90,1,0,0
1393,1,1,1,62,0,1,1
1394,1,1,1,67,0,1,1
1395,0,1,1,31,0,1,1
1396,0,1,1,46,0,1,1
1397,1,1,1,53,0,1,1
1398,0,1,0,55,1,1,1
1399,1,0,1,87,1,0,0
1400,0,1,0,44,0,1,1
1401,0,1,1,84,1,0,1
1402,1,0,1,84,0,0,0
1403,1,0,1,100,1,0,0
1404,1,1,0,68,1,1,1
1405,1,1,1,60,1,1,0
1406,1,1,1,63,0,1,1
1407,1,1,1,68,0,1,1
1408,0,0,0,58,0,1,1
1409,0,1,1,45,0,1,1
1410,0,0,1,70,0,0,0
1411,1,0,1,91,0,0,0
1412,1,0,0,67,0,1,0
1413,0,0,1,77,1,0,0
1414,0,1,1,41,0,1,1
1415,0,1,0,51,1,1,1
1416,1,0,1,86,1,0,0
1417,1,0,1,63,0,1,0
1418,1,1,1,84,1,0,0
1419,1,0,0,73,1,0,0
1420,0,1,0,65,0,1,1
1421,1,0,1,74,1,0,0
1422,0,1,1,73,1,0,1
1423,1,1,0,69,1,1,1
1424,1,1,1,68,0,1,1
1425,0,0,0,54,0,1,1
1426,0,1,1,72,1,0,0
1427,0,1,1,62,0,1,1
1428,1,0,1,92,0,0,0
1429,0,0,1,71,0,0,1
1430,1,1,1,63,0,1,1
1431,1,0,1,66,0,1,0
1432,0,1,0,18,0,1,1
1433,0,0,0,51,0,1,1
1434,1,0,0,76,1,0,0
1435,1,0,1,54,0,1,0
1436,1,1,0,41,0,1,1
1437,1,1,0,52,1,1,1
1438,1,1,1,40,0,1,0
1439,1,0,1,90,1,0,0
1440,0,1,1,43,0,1,1
1441,0,0,1,85,0,0,0
1442,1,1,1,72,0,0,1
1443,1,1,1,60,0,1,1
1444,1,0,0,75,0,0,1
1445,1,0,1,70,0,0,0
1446,0,0,1,57,0,1,1
1447,1,1,0,33,0,1,1
1448,1,1,1,61,1,1,0
1449,1,0,0,53,0,1,1
1450,1,0,0,66,0,1,1
1451,1,1,1,75,0,0,1
1452,0,1,1,67,1,1,0
1453,1,0,1,76,1,0,0
1454,1,0,0,84,0,0,1
1455,0,1,1,68,0,1,1
1456,0,0,1,82,1,0,0
1457,0,1,1,58,0,1,1
1458,0,1,0,53,1,1,1
1459,1,0,0,40,0,1,1
1460,1,0,0,83,1,0,0
1461,1,0,0,92,0,0,1
1462,1,0,1,95,1,0,0
1463,0,1,1,63,0,1,1
1464,1,1,1,78,1,0,0
1465,1,0,1,83,0,0,0
1466,1,1,0,56,0,1,1
1467,1,0,1,100,1,0,0
1468,1,1,1,90,1,0,0
1469,0,1,1,66,1,1,1
1470,0,0,1,77,1,0,0
1471,1,0,0,97,0,0,0
1472,0,0,1,89,0,0,1
1473,1,0,0,74,1,0,0
1474,1,0,0,77,1,0,0
1475,1,0,1,95,1,0,0
1476,1,0,0,56,1,1,0
1477,0,1,0,49,0,1,1
1478,1,0,1,81,0,0,0
1479,0,0,0,53,0,1,1
1480,1,1,1,58,0,1,1
1481,0,1,0,53,1,1,1
1482,0,1,1,67,1,1,1
1483,1,0,1,79,0,0,0
1484,1,1,1,58,1,1,0
1485,1,0,1,93,0,0,0
1486,1,1,1,73,0,0,0
1487,0,0,1,77,1,0,0
1488,1,1,0,72,1,0,0
1489,0,1,0,72,1,0,1
1490,1,1,0,55,0,1,1
1491,0,0,1,71,1,0,0
1492,1,1,0,81,1,0,1
1493,0,1,1,60,1,1,1
1494,1,1,1,83,0,0,1
1495,1,0,0,64,0,1,0
1496,1,0,1,76,1,0,0
1497,1,0,1,75,1,0,0
1498,1,1,0,77,1,0,0
1499,1,1,1,62,0,1,1
1500,1,1,1,58,0,1,1
1501,1,0,0,74,0,0,1
1502,0,1,0,43,0,1,1
1503,1,0,1,96,1,0,0
1504,0,1,1,60,0,1,1
1505,1,1,1,77,1,0,0
1506,1,1,1,74,1,0,0
1507,0,1,0,52,0,1,1
1508,0,0,0,62,0,1,1
1509,0,1,1,46,0,1,1
1510,1,0,1,58,1,1,0
1511,1,0,1,74,0,0,0
1512,0,0,1,72,1,0,0
1513,0,0,1,54,0,1,1
1514,1,1,1,54,0,1,1
1515,0,0,1,82,1,0,0
1516,1,1,0,65,0,1,1
1517,1,1,1,69,1,1,0
1518,1,1,1,47,0,1,1
1519,0,1,1,72,1,0,1
1520,0,1,1,61,1,1,1
1521,1,0,1,80,0,0,0
1522,1,0,1,69,0,1,0
1523,1,1,0,62,0,1,1
1524,0,0,0,92,1,0,0
1525,0,0,1,66,1,1,0
1526,1,1,1,56,0,1,1
1527,0,0,1,73,0,0,1
1528,0,1,0,56,0,1,1
1529,1,1,1,72,1,0,0
1530,1,1,1,75,1,0,0
1531,0,0,1,75,0,0,0
1532,1,0,1,75,0,0,0
1533,1,1,1,83,0,0,0
1534,1,0,0,72,1,0,0
1535,1,0,1,80,0,0,0
1536,1,1,0,54,1,1,1
1537,0,0,1,77,1,0,0
1538,0,1,1,79,1,0,0
1539,1,1,1,69,1,1,0
1540,0,0,1,78,1,0,0
1541,1,0,1,61,0,1,0
1542,1,1,1,64,0,1,1
1543,0,1,1,63,1,1,1
1544,1,0,1,76,0,0,0
1545,1,0,1,82,1,0,0
1546,1,0,1,61,0,1,0
1547,1,1,0,69,0,1,1
1548,1,1,1,77,1,0,0
1549,0,0,1,70,1,0,0
1550,1,0,1,85,1,0,0
1551,1,0,0,94,0,0,1
1552,1,0,1,63,0,1,0
1553,1,0,1,87,0,0,0
1554,1,1,1,66,0,1,1
1555,0,0,0,81,1,0,0
1556,1,0,0,72,1,0,0
1557,1,0,1,77,1,0,0
1558,1,1,0,48,0,1,1
1559,1,0,1,64,1,1,0
1560,1,0,1,67,1,1,0
1561,1,0,1,90,1,0,0
1562,1,1,0,53,1,1,1
1563,0,1,1,59,1,1,1
1564,0,1,0,82,1,0,1
1565,0,1,1,63,0,1,1
1566,0,0,1,55,0,1,0
1567,1,0,1,61,0,1,0
1568,1,1,1,47,1,1,0
1569,0,1,1,87,1,0,1
1570,1,0,0,80,1,0,0
1571,0,1,1,77,0,0,1
1572,1,0,0,53,0,1,1
1573,0,1,1,50,0,1,1
1574,1,1,1,66,1,1,0
1575,1,1,1,73,0,0,1
1576,1,0,1,98,1,0,0
1577,0,0,1,73,0,0,0
1578,1,0,1,88,0,0,0
1579,0,1,1,46,1,1,1
1580,1,1,0,48,0,1,1
1581,1,0,1,98,1,0,0
1582,1,1,0,32,0,1,1
1583,1,0,1,81,0,0,0
1584,1,0,1,61,0,1,0
1585,1,1,0,73,1,0,1
1586,1,1,1,84,1,0,0
1587,1,1,1,88,0,0,1
1588,0,1,1,62,0,1,1
1589,1,1,1,68,0,1,1
1590,1,0,0,80,1,0,0
1591,1,1,0,50,1,1,1
1592,1,1,1,93,1,0,0
1593,1,1,1,57,0,1,1
1594,1,1,1,71,0,0,1
1595,1,0,0,57,0,1,0
1596,1,1,1,76,0,0,1
1597,0,1,1,55,1,1,0
1598,1,1,0,45,0,1,1
1599,1,0,1,91,0,0,0
1600,1,0,0,62,0,1,1
1601,0,0,0,74,1,0,0
1602,0,1,0,52,1,1,1
1603,1,1,0,60,0,1,1
1604,1,1,1,55,0,1,1
1605,1,1,1,66,0,1,1
1606,1,0,0,75,0,0,1
1607,1,1,0,65,1,1,1
1608,1,1,1,63,0,1,1
1609,1,1,0,79,1,0,1
1610,0,0,1,100,1,0,0
1611,0,0,1,67,1,1,0
1612,0,0,1,72,0,0,1
1613,1,1,1,75,1,0,0
1614,1,0,1,88,0,0,0
1615,1,0,1,75,0,0,0
1616,0,1,1,63,0,1,1
1617,1,0,0,96,1,0,0
1618,1,1,1,84,0,0,0
1619,1,1,0,68,1,1,1
1620,1,0,1,51,0,1,0
1621,1,1,1,58,0,1,0
1622,0,0,0,65,1,1,1
1623,0,0,0,10,0,1,1
1624,1,1,0,87,1,0,1
1625,0,1,1,50,0,1,1
1626,1,1,1,57,0,1,1
1627,1,1,1,82,1,0,0
1628,1,1,1,81,1,0,0
1629,0,1,1,58,0,1,1
1630,0,1,0,74,0,0,1
1631,1,0,0,54,1,1,0
1632,1,0,1,84,1,0,0
1633,0,1,0,75,1,0,1
1634,1,0,1,59,0,1,0
1635,1,0,0,92,1,0,0
1636,1,1,0,68,1,1,0
1637,0,1,1,70,1,0,0
1638,0,1,1,51,1,1,1
1639,0,0,1,81,1,0,0
1640,1,1,0,49,0,1,1
1641,0,1,1,56,1,1,1
1642,0,0,1,67,0,1,0
1643,1,0,1,93,0,0,0
1644,0,0,1,60,0,1,1
1645,0,1,1,54,0,1,1
1646,0,1,0,56,0,1,1
1647,0,1,0,77,0,0,1
1648,1,0,0,58,0,1,1
1649,0,1,0,72,1,0,1
1650,1,0,0,63,0,1,1
1651,1,1,1,84,0,0,0
1652,1,0,1,74,0,0,0
1653,1,0,0,77,0,0,0
1654,1,0,1,66,0,1,0
1655,1,1,1,69,1,1,0
1656,1,0,0,59,0,1,1
1657,1,1,0,55,0,1,1
1658,0,0,1,72,0,0,0
1659,0,0,1,78,1,0,0
1660,1,1,1,73,0,0,1
1661,1,1,0,44,0,1,1
1662,1,0,1,79,1,0,0
1663,1,1,0,69,1,1,0
1664,1,1,1,68,0,1,1
1665,1,1,0,27,0,1,1
1666,0,0,1,72,0,0,0
1667,1,0,0,60,1,1,0
1668,1,0,0,68,0,1,1
1669,1,1,1,67,0,1,1
1670,1,1,1,81,0,0,1
1671,0,0,1,77,1,0,0
1672,1,0,0,97,1,0,0
1673,0,0,1,58,0,1,1
1674,1,1,1,100,1,0,0
1675,1,1,1,91,1,0,0
1676,1,0,1,76,0,0,0
1677,0,0,0,78,0,0,1
1678,1,0,1,90,1,0,0
1679,1,1,0,31,0,1,1
1680,1,0,1,98,1,0,0
1681,1,1,1,85,0,0,1
1682,1,1,0,69,0,1,1
1683,0,1,1,82,1,0,1
1684,1,1,0,71,0,0,1
1685,0,0,1,78,0,0,0
1686,1,1,1,52,0,1,1
1687,1,0,1,98,0,0,0
1688,1,0,0,55,0,1,1
1689,0,0,1,73,0,0,1
1690,0,1,0,21,0,1,1
1691,1,1,1,62,0,1,1
1692,0,1,1,65,0,1,1
1693,1,1,1,84,0,0,1
1694,0,0,1,81,0,0,1
1695,1,1,0,49,0,1,1
1696,1,0,1,90,1,0,0
1697,0,0,0,71,1,0,0
1698,1,0,1,67,1,1,0
1699,1,0,1,89,0,0,0
1700,0,1,0,46,0,1,1
1701,0,1,1,61,0,1,1
1702,0,0,0,59,0,1,1
1703,1,0,1,85,0,0,0
1704,1,1,1,57,0,1,1
1705,0,0,1,89,0,0,0
1706,1,0,0,75,1,0,0
1707,0,1,0,59,0,1,1
1708,1,1,0,72,1,0,1
1709,1,1,1,80,1,0,0
1710,1,1,1,66,0,1,1
1711,1,0,1,89,0,0,0
1712,0,0,1,45,0,1,1
1713,1,0,1,67,0,1,0
1714,1,0,1,58,0,1,0
1715,1,1,1,64,0,1,1
1716,1,1,1,73,0,0,1
1717,1,1,1,71,1,0,0
1718,1,0,1,81,1,0,0
1719,0,0,1,81,0,0,1
1720,0,1,1,69,1,1,1
1721,1,1,0,64,1,1,0
1722,1,0,0,72,1,0,0
1723,1,1,1,80,0,0,1
1724,1,0,1,99,1,0,0
1725,1,1,1,45,0,1,1
1726,1,0,1,93,0,0,0
1727,0,0,0,85,1,0,0
1728,0,0,0,76,1,0,0
1729,0,1,1,99,1,0,0
1730,1,0,0,75,0,0,1
1731,0,1,0,48,0,1,1
1732,0,1,0,57,0,1,1
1733,0,1,1,78,0,0,1
1734,1,0,0,69,0,1,1
1735,0,0,0,80,0,0,1
1736,1,1,1,64,0,1,1
1737,1,1,1,78,1,0,0
1738,1,1,1,88,1,0,0
1739,1,1,1,60,0,1,1
1740,0,1,0,80,0,0,1
1741,1,1,0,68,1,1,1
1742,0,0,0,46,0,1,1
1743,0,0,1,80,0,0,0
1744,0,0,1,74,0,0,1
1745,1,1,1,57,0,1,0
1746,1,1,1,54,0,1,1
1747,0,0,1,79,1,0,0
1748,1,0,1,56,0,1,0
1749,1,1,1,61,0,1,1
1750,1,1,0,75,0,0,1
1751,1,1,0,45,0,1,1
1752,1,0,1,61,0,1,0
1753,1,1,1,53,0,1,1
1754,0,0,1,76,0,0,0
1755,0,1,1,69,0,1,1
1756,1,0,1,59,1,1,0
1757,1,0,0,54,0,1,1
1758,1,0,1,75,1,0,0
1759,0,1,1,62,1,1,1
1760,1,1,1,71,0,0,1
1761,1,1,1,68,0,1,1
1762,1,1,1,55,0,1,1
1763,0,1,1,84,1,0,0
1764,1,0,1,65,1,1,0
1765,0,1,1,49,0,1,1
1766,1,1,1,75,1,0,0
1767,0,0,1,81,1,0,0
1768,1,0,0,74,1,0,0
1769,0,1,1,65,1,1,0
1770,1,1,1,61,0,1,1
1771,0,0,1,72,0,0,1
1772,1,1,0,69,0,1,1
1773,1,1,0,30,0,1,1
1774,0,1,0,44,1,1,1
1775,1,1,0,56,1,1,1
1776,1,0,0,50,0,1,1
1777,1,0,0,74,1,0,0
1778,1,0,0,81,1,0,0
1779,0,1,1,48,0,1,1
1780,1,1,1,73,1,0,0
1781,1,0,1,70,0,0,0
1782,1,1,1,49,0,1,1
1783,1,1,1,68,0,1,0
1784,1,1,1,60,0,1,1
1785,1,0,1,100,1,0,0
1786,1,0,0,62,0,1,0
1787,0,0,1,89,1,0,0
1788,1,0,0,68,0,1,1
1789,1,0,1,85,0,0,0
1790,1,0,1,62,0,1,0
1791,1,0,1,100,1,0,0
1792,0,1,0,50,0,1,1
1793,0,0,1,68,0,1,1
1794,0,0,1,87,0,0,0
1795,0,0,0,72,1,0,1
1796,1,0,1,73,0,0,0
1797,0,1,0,65,0,1,1
1798,0,1,1,78,1,0,0
1799,0,1,1,53,1,1,1
1800,1,1,1,76,1,0,0
1801,1,0,1,59,0,1,0
1802,1,0,1,84,1,0,0
1803,1,1,0,58,1,1,1
1804,1,0,1,100,1,0,0
1805,0,1,1,27,0,1,1
1806,1,0,1,63,0,1,0
1807,0,0,1,100,1,0,0
1808,0,1,1,56,0,1,1
1809,1,1,0,55,0,1,1
1810,0,1,1,34,0,1,1
1811,1,1,1,80,0,0,0
1812,1,1,1,79,0,0,1
1813,1,1,1,64,1,1,0
1814,0,1,0,44,1,1,1
1815,1,0,0,26,0,1,1
1816,0,1,0,32,0,1,1
1817,0,0,1,99,1,0,0
1818,1,0,0,77,0,0,1
1819,1,0,0,61,0,1,1
1820,0,0,1,67,0,1,1
1821,1,1,1,86,1,0,0
1822,0,0,0,78,1,0,1
1823,0,0,1,93,1,0,0
1824,1,0,1,88,0,0,0
1825,0,0,1,88,1,0,0
1826,1,0,0,78,1,0,0
1827,1,0,1,72,0,0,0
1828,0,1,1,62,0,1,1
1829,0,0,0,64,1,1,0
1830,1,0,1,76,0,0,0
1831,0,1,1,70,1,0,1
1832,1,0,1,58,0,1,0
1833,0,0,1,50,0,1,1
1834,0,0,1,74,1,0,0
1835,1,0,1,77,0,0,0
1836,1,1,1,69,1,1,0
1837,0,1,0,48,0,1,1
1838,0,1,1,47,0,1,1
1839,1,0,0,81,0,0,1
1840,1,0,1,52,0,1,0
1841,0,1,1,61,1,1,1
1842,1,0,0,68,1,1,0
1843,1,0,0,65,1,1,0
1844,0,0,1,79,1,0,0
1845,1,1,1,72,1,0,0
1846,1,1,1,67,0,1,1
1847,1,0,0,71,1,0,0
1848,1,0,1,92,1,0,0
1849,0,1,0,41,0,1,1
1850,0,0,1,100,1,0,0
1851,0,1,0,60,0,1,1
1852,0,1,0,61,0,1,1
1853,1,0,1,81,1,0,0
1854,0,1,0,60,1,1,1
1855,1,0,1,68,0,1,0
1856,0,0,0,61,1,1,1
1857,1,0,1,77,1,0,0
1858,1,1,1,66,1,1,0
1859,0,0,1,58,0,1,1
1860,0,0,1,64,0,1,1
1861,1,1,0,66,0,1,1
1862,1,0,1,57,0,1,0
1863,0,1,1,65,0,1,1
1864,0,1,0,11,0,1,1
1865,1,1,1,89,1,0,0
1866,1,1,1,41,0,1,1
1867,1,1,0,60,0,1,1
1868,1,1,0,46,0,1,1
1869,0,0,1,100,1,0,0
1870,1,1,0,55,0,1,1
1871,1,0,1,84,1,0,0
1872,0,1,0,42,1,1,1
1873,1,0,1,87,0,0,0
1874,1,1,0,51,0,1,1
1875,0,0,0,57,0,1,1
1876,0,1,1,59,0,1,1
1877,1,0,1,61,0,1,0
1878,1,1,0,42,0,1,1
1879,1,0,1,59,0,1,0
1880,1,0,1,73,0,0,0
1881,1,1,0,93,1,0,0
1882,1,0,0,97,1,0,0
1883,0,1,0,47,1,1,1
1884,1,1,0,34,1,1,1
1885,1,1,1,66,0,1,1
1886,1,1,1,86,1,0,0
1887,0,1,1,51,0,1,1
1888,0,0,0,66,0,1,1
1889,1,0,1,71,0,0,0
1890,0,1,1,52,1,1,1
1891,0,0,1,68,0,1,0
1892,1,0,0,71,0,0,1
1893,1,1,1,100,1,0,0
1894,0,1,1,56,0,1,1
1895,0,0,1,85,1,0,0
1896,0,1,1,77,0,0,1
1897,1,0,1,75,1,0,0
1898,1,0,1,77,0,0,0
1899,0,0,1,72,0,0,1
1900,1,1,1,53,0,1,1
1901,1,0,0,62,0,1,0
1902,1,1,1,55,1,1,0
1903,1,0,1,86,0,0,0
1904,0,1,0,65,0,1,1
1905,1,0,0,80,0,0,0
1906,1,0,1,78,1,0,0
1907,1,0,1,75,0,0,0
1908,1,1,1,76,1,0,0
1909,1,1,0,79,1,0,1
1910,0,1,1,64,1,1,0
1911,0,0,0,28,0,1,1
1912,0,1,1,52,1,1,0
1913,1,1,1,74,1,0,0
1914,0,0,1,67,0,1,0
1915,1,1,1,70,1,0,0
1916,1,0,1,86,0,0,0
1917,0,1,1,29,0,1,1
1918,0,1,0,68,1,1,1
1919,1,0,0,52,0,1,1
1920,1,0,1,94,1,0,0
1921,1,1,0,70,1,0,0
1922,1,1,0,81,1,0,0
1923,0,1,1,87,1,0,1
1924,1,1,1,58,0,1,1
1925,0,0,1,51,0,1,0
1926,0,1,1,58,0,1,1
1927,1,1,0,48,0,1,1
1928,1,0,1,86,1,0,0
1929,0,0,0,64,0,1,1
1930,1,0,1,81,1,0,0
1931,1,1,1,88,1,0,0
1932,1,1,1,71,0,0,1
1933,0,0,1,50,0,1,0
1934,1,1,0,67,0,1,1
1935,0,0,1,72,0,0,0
1936,1,1,0,64,0,1,1
1937,0,0,0,93,1,0,0
1938,1,1,1,53,0,1,1
1939,1,1,0,70,1,0,1
1940,0,0,1,78,1,0,0
1941,1,0,1,85,1,0,0
1942,0,0,0,57,0,1,1
1943,0,1,1,32,0,1,1
1944,1,0,1,79,1,0,0
1945,1,1,0,63,1,1,1
1946,1,0,1,78,0,0,0
1947,1,1,1,75,0,0,1
1948,1,0,1,66,0,1,0
1949,1,1,0,76,1,0,0
1950,1,0,1,71,0,0,0
1951,1,1,1,67,0,1,1
1952,1,1,1,73,1,0,0
1953,0,1,0,79,1,0,1
1954,1,0,1,96,0,0,0
1955,1,0,1,92,1,0,0
1956,0,0,1,74,0,0,1
1957,1,1,1,63,1,1,0
1958,1,1,1,85,1,0,0
1959,1,1,1,62,1,1,0
1960,1,1,1,67,1,1,0
1961,1,0,1,57,1,1,0
1962,1,0,1,77,1,0,0
1963,0,0,0,71,1,0,0
1964,1,0,1,89,1,0,0
1965,0,0,1,70,0,0,0
1966,1,1,1,88,1,0,0
1967,1,1,1,58,1,1,0
1968,0,0,1,65,0,1,0
1969,0,1,1,46,0,1,1
1970,1,1,1,76,0,0,1
1971,1,1,1,81,1,0,0
1972,0,0,0,87,0,0,1
1973,0,0,1,75,0,0,0
1974,0,1,1,63,0,1,1
1975,1,0,0,45,0,1,1
1976,1,1,1,71,1,0,0
1977,0,1,1,80,1,0,1
1978,1,1,0,77,1,0,1
1979,1,0,1,93,1,0,0
1980,0,1,0,61,1,1,1
1981,1,1,1,56,0,1,1
1982,1,0,1,67,0,1,0
1983,0,0,0,57,0,1,1
1984,0,0,1,69,0,1,0
1985,1,0,1,70,0,0,0
1986,0,1,1,58,0,1,1
1987,0,1,1,69,0,1,1
1988,0,1,0,26,0,1,1
1989,1,1,1,72,0,0,1
