,parental level of education,test preparation course,mean score,gender_female,gender_male,race/ethnicity_group A,race/ethnicity_group B,race/ethnicity_group C,race/ethnicity_group D,race/ethnicity_group E,lunch_free/reduced,lunch_standard
0,4,0,72.7,1,0,0,1,0,0,0,0,1
1,2,1,82.3,1,0,0,0,1,0,0,0,1
2,5,0,92.7,1,0,0,1,0,0,0,0,1
3,3,0,49.3,0,1,1,0,0,0,0,1,0
4,2,0,76.3,0,1,0,0,1,0,0,0,1
5,3,0,77.3,1,0,0,1,0,0,0,0,1
6,2,1,91.7,1,0,0,1,0,0,0,0,1
7,2,0,40.7,0,1,0,1,0,0,0,1,0
8,1,1,65.0,0,1,0,0,0,1,0,1,0
9,1,0,49.3,1,0,0,1,0,0,0,1,0
10,3,0,54.7,0,1,0,0,1,0,0,0,1
11,3,0,45.0,0,1,0,0,0,1,0,0,1
12,1,0,73.0,1,0,0,1,0,0,0,0,1
13,2,1,73.3,0,1,1,0,0,0,0,0,1
14,5,0,53.7,1,0,1,0,0,0,0,0,1
15,0,0,74.0,1,0,0,0,1,0,0,0,1
16,1,0,87.7,0,1,0,0,1,0,0,0,1
17,0,0,26.0,1,0,0,1,0,0,0,1,0
18,5,1,44.7,0,1,0,0,1,0,0,1,0
19,3,0,57.7,1,0,0,0,1,0,0,1,0
20,1,0,66.0,0,1,0,0,0,1,0,0,1
21,2,1,70.0,1,0,0,1,0,0,0,1,0
22,2,0,50.3,0,1,0,0,0,1,0,0,1
23,0,0,71.7,1,0,0,0,1,0,0,0,1
24,4,1,75.0,0,1,0,0,0,1,0,1,0
25,5,0,73.0,0,1,1,0,0,0,0,1,0
26,2,0,59.3,0,1,0,1,0,0,0,0,1
27,4,0,70.3,1,0,0,0,1,0,0,0,1
28,1,0,68.3,0,1,0,0,1,0,0,0,1
29,5,0,69.0,1,0,0,0,0,1,0,0,1
30,2,0,72.3,1,0,0,0,0,1,0,0,1
31,2,0,63.0,1,0,0,1,0,0,0,0,1
32,5,0,64.3,1,0,0,0,0,0,1,1,0
33,2,0,40.0,0,1,0,0,0,1,0,0,1
34,2,0,88.7,0,1,0,0,0,0,1,0,1
35,3,1,80.3,0,1,0,0,0,0,1,0,1
36,3,0,79.3,1,0,0,0,0,1,0,0,1
37,0,0,57.7,1,0,0,0,0,1,0,1,0
38,3,1,84.3,1,0,0,0,0,1,0,1,0
39,3,0,56.7,0,1,0,1,0,0,0,1,0
40,3,0,56.7,0,1,0,0,1,0,0,1,0
41,3,0,66.3,1,0,0,0,1,0,0,0,1
42,3,0,58.7,1,0,0,1,0,0,0,0,1
43,2,1,63.3,0,1,0,1,0,0,0,1,0
44,3,0,53.3,1,0,0,0,0,0,1,1,0
45,3,0,58.7,0,1,0,1,0,0,0,0,1
46,3,1,60.7,1,0,1,0,0,0,0,0,1
47,1,0,71.0,1,0,0,0,1,0,0,0,1
48,3,1,69.0,1,0,0,0,0,1,0,1,0
49,1,1,82.7,0,1,0,0,1,0,0,0,1
50,2,0,52.0,0,1,0,0,0,0,1,0,1
51,3,1,71.3,0,1,0,0,0,0,1,1,0
52,2,0,46.3,0,1,0,0,1,0,0,0,1
53,1,0,80.3,0,1,0,0,0,1,0,0,1
54,0,1,80.7,1,0,0,0,1,0,0,1,0
55,1,0,39.0,1,0,0,0,1,0,0,1,0
56,3,1,84.3,1,0,0,0,0,0,1,0,1
57,3,0,52.0,0,1,0,0,0,1,0,0,1
58,2,1,58.3,0,1,0,0,0,1,0,0,1
59,0,0,9.0,1,0,0,0,1,0,0,1,0
60,4,1,75.0,0,1,0,0,0,0,1,1,0
61,0,0,37.3,0,1,1,0,0,0,0,1,0
62,3,0,59.3,0,1,1,0,0,0,0,1,0
63,3,0,73.3,1,0,0,0,1,0,0,0,1
64,0,0,58.7,1,0,0,0,0,1,0,0,1
65,0,0,64.0,0,1,0,1,0,0,0,0,1
66,0,0,39.7,0,1,0,0,0,1,0,1,0
67,2,0,68.7,1,0,0,0,1,0,0,0,1
68,3,0,58.3,0,1,0,1,0,0,0,1,0
69,3,0,53.3,1,0,0,0,1,0,0,0,1
70,2,1,64.7,1,0,0,0,0,1,0,1,0
71,2,1,60.3,0,1,0,0,0,1,0,0,1
72,3,0,46.7,1,0,1,0,0,0,0,1,0
73,0,0,58.0,0,1,0,0,1,0,0,1,0
74,0,0,46.3,0,1,0,0,1,0,0,0,1
75,3,0,41.0,0,1,0,1,0,0,0,1,0
76,0,0,26.0,0,1,0,0,0,0,1,0,1
77,4,1,79.7,0,1,1,0,0,0,0,0,1
78,0,1,69.0,1,0,0,0,0,1,0,0,1
79,5,0,66.0,1,0,0,0,0,0,1,0,1
80,3,0,48.7,1,0,0,1,0,0,0,0,1
81,1,0,46.3,0,1,0,1,0,0,0,1,0
82,2,1,50.3,0,1,1,0,0,0,0,1,0
83,3,0,66.3,0,1,0,0,0,0,1,0,1
84,1,0,38.3,0,1,0,0,0,1,0,1,0
85,2,0,78.3,1,0,0,0,1,0,0,0,1
86,2,0,82.3,1,0,0,0,1,0,0,1,0
87,3,0,72.0,1,0,0,0,0,1,0,0,1
88,2,0,65.0,1,0,1,0,0,0,0,0,1
89,0,0,80.3,1,0,0,0,0,1,0,0,1
90,4,0,70.3,1,0,0,0,1,0,0,0,1
91,1,0,32.3,0,1,0,0,1,0,0,1,0
92,1,0,73.7,0,1,0,0,1,0,0,0,1
93,3,1,46.0,0,1,0,0,1,0,0,1,0
94,2,0,85.7,1,0,0,1,0,0,0,0,1
95,3,1,80.3,0,1,0,0,1,0,0,1,0
96,0,1,64.3,0,1,0,1,0,0,0,0,1
97,2,1,68.3,1,0,0,0,0,0,1,0,1
98,2,0,62.3,1,0,0,0,0,1,0,1,0
99,4,0,64.7,1,0,0,0,0,1,0,0,1
100,2,0,71.0,0,1,0,1,0,0,0,0,1
101,4,1,72.0,0,1,0,0,0,1,0,0,1
102,3,0,88.3,1,0,0,0,0,1,0,0,1
103,1,1,50.3,0,1,0,1,0,0,0,0,1
104,2,1,91.3,0,1,0,0,1,0,0,0,1
105,2,0,65.7,1,0,0,0,1,0,0,0,1
106,5,0,95.7,1,0,0,0,0,1,0,0,1
107,3,1,64.3,0,1,0,0,0,0,1,0,1
108,3,0,66.0,1,0,0,1,0,0,0,1,0
109,0,0,68.7,1,0,0,1,0,0,0,0,1
110,3,1,88.0,1,0,0,0,0,1,0,1,0
111,1,0,55.3,0,1,0,0,1,0,0,0,1
112,3,0,51.3,0,1,1,0,0,0,0,0,1
113,2,0,54.3,1,0,0,0,0,1,0,0,1
114,4,1,99.7,1,0,0,0,0,0,1,0,1
115,1,0,78.3,0,1,0,0,1,0,0,0,1
116,4,0,80.7,1,0,0,1,0,0,0,1,0
117,4,0,79.7,1,0,0,0,0,1,0,0,1
118,0,0,58.3,1,0,0,0,0,1,0,0,1
119,2,0,63.0,1,0,0,0,1,0,0,0,1
120,4,1,86.7,1,0,0,0,1,0,0,0,1
121,3,1,90.7,0,1,0,1,0,0,0,0,1
122,2,1,91.3,1,0,0,0,1,0,0,0,1
123,1,0,58.7,0,1,0,0,0,1,0,1,0
124,2,0,78.7,0,1,0,0,0,0,1,0,1
125,1,0,89.3,1,0,0,1,0,0,0,0,1
126,0,0,69.0,0,1,0,1,0,0,0,0,1
127,2,1,72.0,0,1,0,0,0,1,0,0,1
128,5,0,79.3,0,1,0,0,0,1,0,0,1
129,4,0,50.3,1,0,1,0,0,0,0,0,1
130,5,0,85.0,0,1,0,0,0,1,0,0,1
131,0,1,43.3,0,1,0,0,1,0,0,1,0
132,2,1,77.0,0,1,0,0,0,0,1,1,0
133,2,1,80.0,1,0,0,0,1,0,0,0,1
134,4,1,76.0,0,1,0,0,0,1,0,1,0
135,4,0,53.7,0,1,0,0,1,0,0,0,1
136,0,1,48.7,0,1,0,1,0,0,0,0,1
137,1,0,60.3,0,1,0,0,0,0,1,0,1
138,3,0,64.0,1,0,0,0,1,0,0,0,1
139,2,1,67.0,0,1,0,0,0,1,0,0,1
140,0,0,73.0,1,0,0,0,0,1,0,0,1
141,2,0,61.7,1,0,0,0,1,0,0,1,0
142,2,1,50.3,1,0,0,0,0,0,1,1,0
143,1,0,49.0,0,1,1,0,0,0,0,0,1
144,2,0,79.7,0,1,0,0,0,1,0,0,1
145,2,0,31.3,1,0,0,0,1,0,0,1,0
146,0,0,82.3,0,1,0,1,0,0,0,0,1
147,3,0,69.0,0,1,0,0,1,0,0,1,0
148,4,1,74.7,1,0,0,0,0,1,0,0,1
149,3,1,97.7,0,1,0,0,0,0,1,1,0
150,0,1,66.0,0,1,1,0,0,0,0,0,1
151,4,0,70.7,0,1,1,0,0,0,0,0,1
152,3,1,65.0,1,0,0,1,0,0,0,0,1
153,4,0,50.0,0,1,0,0,0,1,0,0,1
154,0,0,63.3,0,1,0,0,0,1,0,0,1
155,2,1,82.3,1,0,0,0,1,0,0,0,1
156,1,1,72.7,1,0,0,0,0,0,1,1,0
157,2,0,60.0,0,1,0,1,0,0,0,1,0
158,3,1,78.0,1,0,0,1,0,0,0,0,1
159,3,0,64.0,0,1,0,0,0,1,0,1,0
160,3,1,78.0,0,1,0,1,0,0,0,1,0
161,2,1,82.7,1,0,0,0,0,0,1,1,0
162,5,0,51.3,0,1,0,1,0,0,0,1,0
163,1,0,51.3,0,1,0,0,1,0,0,0,1
164,5,0,88.0,1,0,0,0,0,0,1,0,1
165,4,1,98.7,1,0,0,0,1,0,0,0,1
166,1,1,51.7,0,1,0,0,1,0,0,1,0
167,5,1,70.7,1,0,0,1,0,0,0,1,0
168,1,1,76.3,1,0,0,1,0,0,0,0,1
169,2,1,70.7,1,0,0,0,1,0,0,1,0
170,1,1,73.0,0,1,1,0,0,0,0,0,1
171,0,0,86.7,0,1,0,0,0,0,1,0,1
172,2,0,82.0,1,0,0,0,0,1,0,0,1
173,3,0,66.7,1,0,0,0,1,0,0,0,1
174,4,1,49.3,1,0,0,0,1,0,0,1,0
175,5,1,86.3,1,0,0,0,1,0,0,0,1
176,1,1,52.7,1,0,0,1,0,0,0,1,0
177,3,1,75.0,1,0,0,0,1,0,0,0,1
178,5,1,61.3,1,0,0,1,0,0,0,1,0
179,0,1,99.0,1,0,0,0,0,1,0,0,1
180,5,1,68.3,0,1,0,0,1,0,0,1,0
181,2,0,58.7,1,0,0,0,1,0,0,1,0
182,1,0,49.0,1,0,0,0,0,0,1,0,1
183,3,0,68.0,1,0,0,0,0,1,0,0,1
184,0,1,48.7,0,1,0,0,1,0,0,1,0
185,3,1,65.7,0,1,0,0,1,0,0,1,0
186,1,0,73.7,0,1,0,0,0,0,1,0,1
187,0,1,65.3,0,1,0,0,0,1,0,0,1
188,0,0,48.3,0,1,0,1,0,0,0,1,0
189,4,0,84.0,1,0,0,0,1,0,0,0,1
190,3,0,66.7,1,0,0,0,0,0,1,0,1
191,2,1,79.3,0,1,0,0,0,1,0,0,1
192,0,0,64.0,1,0,0,1,0,0,0,0,1
193,2,1,67.0,0,1,0,0,0,1,0,0,1
194,5,1,79.3,1,0,0,0,1,0,0,0,1
195,3,0,56.0,0,1,0,0,0,1,0,0,1
196,0,1,64.3,0,1,0,0,1,0,0,1,0
197,1,0,54.0,0,1,0,0,0,0,1,1,0
198,2,0,51.0,1,0,0,1,0,0,0,1,0
199,4,0,77.7,1,0,0,1,0,0,0,1,0
200,3,1,79.0,1,0,0,0,1,0,0,0,1
201,2,0,74.3,1,0,0,0,0,1,0,1,0
202,3,0,71.7,0,1,0,0,1,0,0,0,1
203,3,0,64.7,1,0,0,1,0,0,0,0,1
204,2,0,47.3,0,1,0,0,1,0,0,0,1
205,0,1,74.3,0,1,0,0,0,1,0,0,1
206,4,0,68.7,0,1,0,0,0,0,1,0,1
207,1,1,79.0,0,1,0,0,0,0,1,0,1
208,2,0,77.0,1,0,0,1,0,0,0,1,0
209,2,0,61.7,1,0,0,1,0,0,0,1,0
210,0,1,79.3,0,1,0,0,0,1,0,1,0
211,2,0,30.0,0,1,0,0,1,0,0,1,0
212,1,0,54.7,1,0,0,0,1,0,0,1,0
213,3,1,55.7,0,1,0,0,1,0,0,1,0
214,1,1,86.3,0,1,0,0,0,0,1,0,1
215,0,1,80.7,0,1,0,1,0,0,0,0,1
216,3,1,85.7,1,0,0,0,0,0,1,1,0
217,1,0,38.3,1,0,0,0,1,0,0,1,0
218,1,0,71.0,0,1,0,1,0,0,0,1,0
219,0,1,57.7,0,1,0,1,0,0,0,0,1
220,1,1,66.0,1,0,0,0,0,1,0,0,1
221,3,0,81.7,0,1,0,1,0,0,0,0,1
222,0,0,60.7,1,0,0,0,1,0,0,1,0
223,0,0,80.3,0,1,0,0,0,1,0,0,1
224,3,1,63.7,1,0,0,1,0,0,0,0,1
225,5,0,51.7,1,0,0,0,0,0,1,1,0
226,2,0,71.7,1,0,0,0,1,0,0,0,1
227,1,0,53.7,0,1,0,0,0,1,0,0,1
228,0,0,68.0,0,1,1,0,0,0,0,1,0
229,2,1,92.3,1,0,0,0,1,0,0,0,1
230,2,0,68.7,0,1,0,0,0,1,0,0,1
231,3,0,43.7,0,1,0,0,1,0,0,0,1
232,4,0,78.7,1,0,0,1,0,0,0,0,1
233,0,0,85.7,0,1,0,0,0,0,1,0,1
234,4,1,83.0,0,1,0,0,1,0,0,0,1
235,3,0,77.3,0,1,0,0,0,1,0,0,1
236,4,0,65.3,0,1,0,0,0,1,0,1,0
237,0,1,66.0,1,0,0,0,0,1,0,0,1
238,2,0,52.3,0,1,0,1,0,0,0,0,1
239,3,0,81.3,0,1,0,0,1,0,0,0,1
240,1,1,69.0,0,1,0,0,0,1,0,1,0
241,4,0,82.0,1,0,0,0,0,0,1,0,1
242,1,0,54.3,1,0,0,0,0,1,0,0,1
243,2,0,51.0,0,1,0,0,0,0,1,0,1
244,0,0,72.7,0,1,0,0,0,1,0,0,1
245,3,0,77.3,0,1,0,0,1,0,0,0,1
246,3,0,79.7,0,1,0,0,0,0,1,0,1
247,1,1,65.3,1,0,0,1,0,0,0,0,1
248,1,0,63.7,1,0,0,1,0,0,0,0,1
249,1,0,60.3,0,1,0,0,1,0,0,0,1
250,0,1,48.3,0,1,1,0,0,0,0,0,1
251,2,0,79.0,1,0,0,0,0,1,0,1,0
252,0,1,66.7,1,0,0,1,0,0,0,0,1
253,5,0,77.3,0,1,0,0,0,1,0,0,1
254,1,0,52.7,0,1,0,0,0,1,0,0,1
255,2,0,68.3,1,0,0,0,0,0,1,0,1
256,3,0,68.3,1,0,0,0,1,0,0,1,0
257,3,1,77.3,0,1,0,0,1,0,0,0,1
258,2,0,74.3,1,0,0,1,0,0,0,0,1
259,5,1,75.7,1,0,0,0,1,0,0,1,0
260,0,1,73.3,1,0,0,0,1,0,0,1,0
261,2,1,78.7,0,1,0,0,1,0,0,0,1
262,0,0,48.3,1,0,0,0,1,0,0,1,0
263,1,0,94.0,1,0,0,0,0,0,1,0,1
264,1,0,72.3,0,1,0,0,0,1,0,0,1
265,0,0,47.3,0,1,0,0,0,1,0,1,0
266,4,0,73.0,1,0,0,0,1,0,0,0,1
267,1,0,72.7,1,0,0,0,0,1,0,0,1
268,3,1,91.7,1,0,0,0,0,1,0,0,1
269,2,0,72.3,1,0,0,0,0,0,1,1,0
270,4,0,64.3,0,1,0,0,1,0,0,0,1
271,2,0,49.7,0,1,0,0,1,0,0,0,1
272,3,0,52.7,1,0,0,0,0,1,0,1,0
273,2,0,68.7,1,0,0,0,0,1,0,0,1
274,2,1,83.0,0,1,0,1,0,0,0,0,1
275,4,0,78.0,0,1,0,0,1,0,0,0,1
276,0,1,90.0,1,0,0,0,1,0,0,0,1
277,1,1,65.7,1,0,0,0,0,0,1,0,1
278,0,0,77.0,1,0,0,0,1,0,0,1,0
279,4,0,62.0,0,1,0,1,0,0,0,1,0
280,1,0,49.0,0,1,0,0,0,1,0,0,1
281,1,0,46.3,0,1,0,0,0,1,0,0,1
282,4,0,78.7,1,0,0,0,0,1,0,1,0
283,2,1,75.3,1,0,0,0,0,1,0,1,0
284,0,0,43.0,1,0,0,1,0,0,0,0,1
285,3,1,81.7,0,1,0,1,0,0,0,0,1
286,3,1,89.0,0,1,0,0,0,0,1,0,1
287,0,0,79.3,1,0,0,1,0,0,0,0,1
288,4,0,79.7,0,1,0,1,0,0,0,1,0
289,0,1,76.7,0,1,0,0,0,0,1,0,1
290,3,0,71.3,0,1,0,0,1,0,0,0,1
291,0,0,76.3,0,1,0,0,0,1,0,0,1
292,0,1,60.0,0,1,0,0,1,0,0,0,1
293,4,0,71.0,1,0,0,0,0,0,1,0,1
294,1,1,78.3,0,1,0,0,0,1,0,1,0
295,3,0,63.0,0,1,0,1,0,0,0,1,0
296,0,1,43.3,0,1,1,0,0,0,0,0,1
297,3,1,71.0,0,1,0,0,0,0,1,0,1
298,1,1,45.3,0,1,0,0,1,0,0,1,0
299,3,0,84.0,0,1,0,0,0,1,0,1,0
300,2,1,80.0,0,1,1,0,0,0,0,1,0
301,0,0,54.0,0,1,0,0,0,1,0,1,0
302,3,1,77.3,1,0,0,0,1,0,0,0,1
303,3,0,73.3,0,1,0,1,0,0,0,0,1
304,3,1,77.3,1,0,0,0,1,0,0,0,1
305,2,0,68.3,0,1,1,0,0,0,0,0,1
306,2,1,89.0,0,1,0,0,0,0,1,0,1
307,0,0,49.0,0,1,0,0,1,0,0,0,1
308,3,0,63.7,1,0,0,1,0,0,0,1,0
309,1,0,52.7,1,0,0,0,0,1,0,1,0
310,3,0,76.3,1,0,0,1,0,0,0,0,1
311,4,0,61.0,0,1,0,1,0,0,0,0,1
312,4,1,65.3,0,1,0,0,0,1,0,0,1
313,3,1,68.0,1,0,0,0,1,0,0,1,0
314,4,1,66.0,1,0,0,0,1,0,0,0,1
315,1,0,67.3,0,1,0,0,1,0,0,0,1
316,5,1,83.3,1,0,0,0,0,1,0,0,1
317,3,0,77.7,0,1,0,0,1,0,0,0,1
318,4,0,67.7,0,1,0,1,0,0,0,0,1
319,3,0,61.3,1,0,0,0,0,1,0,1,0
320,1,1,76.7,1,0,0,0,1,0,0,1,0
321,1,0,80.0,1,0,0,0,0,0,1,0,1
322,2,0,77.3,1,0,0,0,1,0,0,0,1
323,0,0,49.7,1,0,0,0,1,0,0,1,0
324,1,0,43.3,1,0,0,0,1,0,0,1,0
325,2,0,88.7,1,0,0,0,1,0,0,0,1
326,2,0,61.3,0,1,0,0,1,0,0,0,1
327,2,0,23.3,0,1,1,0,0,0,0,1,0
328,3,1,78.0,0,1,0,0,1,0,0,0,1
329,0,0,49.0,1,0,0,1,0,0,0,0,1
330,1,0,64.0,0,1,0,0,1,0,0,0,1
331,3,0,39.7,0,1,0,0,1,0,0,0,1
332,3,1,57.0,0,1,0,0,0,0,1,0,1
333,3,0,83.0,0,1,0,1,0,0,0,0,1
334,4,0,90.3,1,0,0,0,1,0,0,0,1
335,2,0,65.0,1,0,0,1,0,0,0,1,0
336,0,1,71.7,0,1,0,0,0,1,0,0,1
337,3,0,47.7,0,1,0,0,1,0,0,0,1
338,0,0,29.7,1,0,0,1,0,0,0,1,0
339,0,1,50.0,1,0,0,0,0,1,0,1,0
340,1,0,57.0,0,1,0,0,1,0,0,1,0
341,1,0,65.7,1,0,0,0,1,0,0,0,1
342,1,1,73.0,1,0,0,1,0,0,0,0,1
343,3,1,68.7,0,1,0,0,0,1,0,0,1
344,2,0,73.0,0,1,0,0,0,1,0,0,1
345,1,0,75.7,1,0,0,0,1,0,0,0,1
346,2,0,60.0,0,1,0,1,0,0,0,0,1
347,4,1,88.7,1,0,0,0,1,0,0,0,1
348,1,0,71.7,0,1,0,0,0,1,0,1,0
349,3,0,79.0,0,1,0,0,0,0,1,0,1
350,4,0,62.0,1,0,0,1,0,0,0,0,1
351,2,0,58.3,0,1,0,0,0,0,1,0,1
352,2,1,73.7,1,0,0,0,1,0,0,0,1
353,3,0,53.7,1,0,0,0,1,0,0,0,1
354,2,0,66.7,1,0,0,0,1,0,0,0,1
355,4,0,67.7,1,0,0,1,0,0,0,0,1
356,3,0,61.7,0,1,1,0,0,0,0,0,1
357,2,1,59.0,1,0,0,0,1,0,0,1,0
358,2,0,60.7,0,1,0,0,0,1,0,1,0
359,2,0,86.3,1,0,0,0,0,1,0,0,1
360,1,0,59.7,1,0,0,1,0,0,0,0,1
361,0,1,82.3,0,1,0,1,0,0,0,0,1
362,2,0,56.0,1,0,0,0,1,0,0,0,1
363,0,0,31.0,1,0,0,0,0,1,0,1,0
364,2,0,59.0,0,1,0,0,1,0,0,0,1
365,4,1,55.7,0,1,1,0,0,0,0,1,0
366,1,1,60.0,0,1,0,0,1,0,0,0,1
367,4,0,62.7,0,1,0,0,1,0,0,1,0
368,0,0,55.3,1,0,1,0,0,0,0,1,0
369,0,0,80.7,1,0,0,0,0,1,0,0,1
370,2,0,77.3,0,1,0,0,0,0,1,0,1
371,2,1,62.7,1,0,0,0,1,0,0,1,0
372,0,0,73.3,0,1,0,0,0,1,0,0,1
373,2,1,91.7,1,0,0,0,0,1,0,0,1
374,4,0,67.3,1,0,0,0,0,1,0,0,1
375,3,0,43.3,0,1,0,0,0,0,1,1,0
376,0,0,84.0,1,0,0,0,0,1,0,0,1
377,5,1,93.3,1,0,0,0,0,1,0,1,0
378,0,0,77.0,1,0,1,0,0,0,0,0,1
379,4,0,64.0,0,1,1,0,0,0,0,0,1
380,3,0,83.0,1,0,0,1,0,0,0,0,1
381,3,1,94.0,0,1,0,0,1,0,0,0,1
382,5,0,77.0,0,1,0,0,1,0,0,1,0
383,0,0,44.0,1,0,0,0,0,0,1,1,0
384,0,0,41.3,1,0,1,0,0,0,0,1,0
385,2,0,72.7,1,0,0,0,0,0,1,0,1
386,4,0,69.0,1,0,0,0,0,0,1,0,1
387,3,0,67.3,1,0,0,0,1,0,0,1,0
388,1,0,63.3,1,0,0,0,0,1,0,0,1
389,5,0,72.7,0,1,0,0,0,1,0,0,1
390,0,1,66.3,0,1,0,0,0,0,1,1,0
391,2,0,74.0,1,0,0,0,0,1,0,0,1
392,2,0,70.0,0,1,0,0,0,0,1,0,1
393,3,1,55.7,0,1,0,0,1,0,0,0,1
394,0,1,72.0,1,0,0,0,1,0,0,0,1
395,1,0,44.7,0,1,1,0,0,0,0,1,0
396,1,0,60.0,1,0,0,1,0,0,0,1,0
397,3,0,89.7,1,0,0,0,1,0,0,0,1
398,0,0,64.7,0,1,0,1,0,0,0,0,1
399,0,0,57.7,0,1,0,0,0,1,0,0,1
400,0,1,60.0,1,0,0,0,1,0,0,0,1
401,2,0,46.3,0,1,1,0,0,0,0,0,1
402,2,0,56.3,1,0,1,0,0,0,0,1,0
403,1,1,95.7,1,0,0,0,0,1,0,0,1
404,1,0,58.3,1,0,0,0,1,0,0,0,1
405,0,0,68.0,1,0,0,0,1,0,0,0,1
406,3,1,64.3,0,1,0,1,0,0,0,0,1
407,3,0,79.7,1,0,0,1,0,0,0,0,1
408,1,1,55.0,1,0,0,0,0,1,0,1,0
409,3,1,85.3,0,1,0,0,0,1,0,0,1
410,5,1,71.7,1,0,0,0,0,1,0,0,1
411,2,1,81.7,0,1,0,0,0,0,1,0,1
412,3,0,65.7,0,1,0,0,0,1,0,0,1
413,0,1,65.7,0,1,0,1,0,0,0,0,1
414,4,1,67.3,1,0,0,0,1,0,0,1,0
415,1,0,75.3,0,1,0,0,0,0,1,0,1
416,4,1,71.0,0,1,0,0,1,0,0,0,1
417,3,0,71.3,0,1,0,0,1,0,0,0,1
418,2,0,63.0,0,1,0,0,0,1,0,0,1
419,1,1,55.7,0,1,0,0,0,0,1,1,0
420,3,1,89.3,1,0,0,0,1,0,0,1,0
421,1,1,59.7,1,0,0,0,0,1,0,0,1
422,5,1,57.3,1,0,0,0,0,1,0,1,0
423,0,1,74.7,1,0,1,0,0,0,0,0,1
424,2,0,38.0,0,1,0,1,0,0,0,1,0
425,2,0,63.7,1,0,0,0,1,0,0,1,0
426,4,0,85.0,0,1,0,0,1,0,0,0,1
427,0,0,68.3,0,1,0,0,1,0,0,1,0
428,0,0,59.0,0,1,1,0,0,0,0,1,0
429,0,0,61.7,0,1,0,0,1,0,0,1,0
430,3,0,63.0,0,1,0,0,1,0,0,1,0
431,1,0,67.7,1,0,0,0,1,0,0,0,1
432,1,0,57.3,0,1,0,0,1,0,0,0,1
433,0,0,52.0,1,0,1,0,0,0,0,1,0
434,0,0,68.3,0,1,0,0,1,0,0,0,1
435,2,1,50.3,0,1,0,0,1,0,0,1,0
436,3,0,69.0,0,1,0,0,0,1,0,0,1
437,3,0,71.3,0,1,0,0,0,1,0,1,0
438,1,0,59.0,0,1,0,0,1,0,0,0,1
439,0,1,86.3,0,1,0,0,0,1,0,0,1
440,2,1,75.7,1,0,0,0,1,0,0,0,1
441,1,0,79.7,1,0,0,0,0,1,0,0,1
442,0,0,67.0,1,0,1,0,0,0,0,1,0
443,3,0,77.3,1,0,0,1,0,0,0,0,1
444,0,0,78.0,0,1,1,0,0,0,0,1,0
445,0,1,72.7,1,0,0,0,1,0,0,0,1
446,2,0,65.0,0,1,0,0,0,1,0,1,0
447,1,1,82.3,0,1,0,0,1,0,0,0,1
448,1,0,45.0,0,1,0,1,0,0,0,0,1
449,3,0,75.3,0,1,0,1,0,0,0,0,1
450,2,1,78.0,1,0,0,0,1,0,0,1,0
451,2,0,96.3,1,0,0,0,0,0,1,0,1
452,3,0,72.0,1,0,0,0,1,0,0,1,0
453,2,0,57.3,0,1,0,0,1,0,0,1,0
454,3,0,58.7,1,0,0,0,1,0,0,1,0
455,4,0,46.7,0,1,0,0,1,0,0,1,0
456,4,0,85.7,1,0,0,0,0,1,0,0,1
457,3,0,51.7,0,1,0,0,0,1,0,1,0
458,4,0,100.0,1,0,0,0,0,0,1,0,1
459,1,1,68.3,0,1,0,1,0,0,0,0,1
460,4,0,55.3,0,1,0,0,1,0,0,1,0
461,2,0,51.0,0,1,0,1,0,0,0,1,0
462,2,0,72.3,1,0,0,0,0,0,1,0,1
463,2,0,86.0,1,0,0,0,1,0,0,1,0
464,4,1,65.0,0,1,1,0,0,0,0,0,1
465,2,0,87.3,1,0,0,0,1,0,0,0,1
466,3,0,31.7,1,0,0,0,0,1,0,1,0
467,1,1,68.0,0,1,1,0,0,0,0,1,0
468,1,1,83.3,1,0,1,0,0,0,0,1,0
469,2,0,80.3,0,1,0,0,1,0,0,0,1
470,3,1,86.0,1,0,0,0,1,0,0,0,1
471,1,0,68.7,1,0,0,0,1,0,0,0,1
472,3,1,79.3,1,0,0,0,1,0,0,0,1
473,0,0,62.3,1,0,0,0,0,1,0,0,1
474,3,1,90.3,1,0,0,1,0,0,0,0,1
475,4,1,76.7,1,0,0,0,0,1,0,0,1
476,4,1,68.0,0,1,0,0,0,0,1,0,1
477,3,0,73.3,0,1,0,0,0,1,0,0,1
478,5,0,63.0,1,0,0,0,0,1,0,0,1
479,3,0,71.3,0,1,0,0,0,0,1,0,1
480,1,1,70.7,0,1,0,1,0,0,0,0,1
481,3,0,55.7,1,0,0,0,0,1,0,1,0
482,2,0,65.7,0,1,0,0,1,0,0,1,0
483,1,0,52.3,0,1,1,0,0,0,0,0,1
484,3,0,51.7,1,0,0,1,0,0,0,0,1
485,1,0,71.7,0,1,0,0,1,0,0,0,1
486,2,0,54.7,0,1,0,0,0,1,0,1,0
487,3,0,69.7,1,0,0,0,1,0,0,1,0
488,0,1,58.0,0,1,0,1,0,0,0,0,1
489,3,1,81.0,0,1,1,0,0,0,0,1,0
490,3,0,75.3,1,0,1,0,0,0,0,1,0
491,3,0,66.0,1,0,0,0,1,0,0,0,1
492,2,0,85.3,1,0,0,0,1,0,0,0,1
493,4,0,86.3,1,0,0,0,1,0,0,0,1
494,1,0,62.0,1,0,0,1,0,0,0,0,1
495,1,1,66.0,0,1,0,0,0,1,0,0,1
496,2,0,51.3,1,0,0,0,1,0,0,0,1
497,2,1,71.0,1,0,0,0,0,1,0,1,0
498,0,0,67.7,1,0,0,1,0,0,0,0,1
499,2,0,73.0,0,1,0,0,0,0,1,0,1
500,5,0,78.3,1,0,0,0,0,1,0,0,1
501,3,1,91.0,1,0,0,1,0,0,0,0,1
502,2,0,59.3,0,1,0,0,1,0,0,1,0
503,3,1,92.0,1,0,0,0,0,0,1,0,1
504,5,0,51.0,1,0,0,0,0,1,0,1,0
505,0,0,81.3,1,0,0,1,0,0,0,0,1
506,1,0,68.0,0,1,1,0,0,0,0,0,1
507,4,0,56.0,0,1,0,1,0,0,0,1,0
508,5,0,78.0,0,1,0,0,1,0,0,0,1
509,4,0,88.3,1,0,0,0,1,0,0,0,1
510,2,0,73.3,0,1,0,0,0,1,0,0,1
511,0,0,52.3,0,1,1,0,0,0,0,0,1
512,0,0,54.3,0,1,0,0,0,1,0,1,0
513,0,1,59.0,1,0,0,1,0,0,0,0,1
514,5,1,89.3,1,0,0,1,0,0,0,1,0
515,0,1,82.7,1,0,0,0,1,0,0,0,1
516,2,0,82.3,1,0,0,0,0,1,0,0,1
517,2,1,71.0,1,0,0,0,0,0,1,0,1
518,0,1,74.0,1,0,0,0,0,1,0,0,1
519,1,1,74.7,1,0,0,1,0,0,0,1,0
520,2,0,57.3,0,1,0,0,0,1,0,0,1
521,3,0,87.0,1,0,0,0,1,0,0,0,1
522,4,0,61.3,0,1,0,0,0,1,0,0,1
523,5,0,54.3,0,1,0,0,1,0,0,1,0
524,1,1,51.3,0,1,0,0,1,0,0,0,1
525,2,0,62.3,0,1,0,0,0,0,1,0,1
526,0,1,59.0,0,1,0,0,1,0,0,1,0
527,1,0,44.0,1,0,0,0,1,0,0,1,0
528,4,0,39.0,1,0,0,0,0,1,0,1,0
529,3,0,68.7,1,0,0,0,1,0,0,0,1
530,3,1,69.3,1,0,0,0,1,0,0,0,1
531,0,0,51.3,1,0,0,0,1,0,0,0,1
532,3,1,60.3,0,1,0,0,0,0,1,0,1
533,3,1,87.0,1,0,0,0,0,0,1,0,1
534,1,1,70.0,0,1,0,1,0,0,0,0,1
535,4,1,77.3,1,0,0,0,1,0,0,1,0
536,3,1,56.3,0,1,0,0,1,0,0,0,1
537,1,0,59.7,1,0,0,0,0,1,0,0,1
538,4,1,74.0,0,1,0,0,0,0,1,0,1
539,3,1,91.7,0,1,1,0,0,0,0,0,1
540,1,1,70.7,0,1,0,0,1,0,0,0,1
541,3,1,80.3,0,1,0,0,0,1,0,1,0
542,3,0,79.0,1,0,0,0,1,0,0,0,1
543,3,0,88.7,1,0,0,0,0,1,0,0,1
544,5,0,64.3,1,0,0,0,0,1,0,0,1
545,0,1,80.3,0,1,0,0,0,0,1,1,0
546,0,1,96.3,1,0,1,0,0,0,0,0,1
547,1,1,67.7,0,1,0,0,1,0,0,0,1
548,1,0,64.3,1,0,0,0,1,0,0,1,0
549,5,0,73.3,0,1,0,0,1,0,0,0,1
550,0,0,73.3,0,1,0,0,1,0,0,1,0
551,4,1,88.3,0,1,0,1,0,0,0,1,0
552,3,0,46.0,1,0,0,1,0,0,0,0,1
553,2,0,67.7,0,1,0,0,0,1,0,1,0
554,3,0,46.0,0,1,0,0,0,0,1,0,1
555,2,0,34.7,1,0,0,0,1,0,0,1,0
556,3,1,68.7,1,0,0,0,1,0,0,0,1
557,5,0,64.7,0,1,0,0,1,0,0,1,0
558,3,0,64.3,1,0,0,1,0,0,0,1,0
559,0,0,67.0,0,1,0,0,0,1,0,0,1
560,2,1,76.0,1,0,0,0,0,1,0,0,1
561,2,0,70.3,1,0,0,0,1,0,0,0,1
562,4,1,92.7,0,1,0,0,1,0,0,0,1
563,2,1,74.3,1,0,0,0,0,1,0,1,0
564,4,0,48.3,0,1,0,1,0,0,0,1,0
565,3,0,45.3,0,1,0,1,0,0,0,0,1
566,4,1,97.3,1,0,0,0,0,0,1,1,0
567,5,1,70.0,1,0,0,0,0,1,0,1,0
568,1,0,52.7,0,1,0,1,0,0,0,1,0
569,4,0,67.7,0,1,0,0,0,1,0,1,0
570,2,1,72.0,0,1,0,1,0,0,0,0,1
571,4,0,93.0,0,1,1,0,0,0,0,0,1
572,2,0,57.0,1,0,0,0,1,0,0,0,1
573,1,1,60.0,1,0,0,0,1,0,0,1,0
574,1,0,75.3,1,0,0,0,0,0,1,0,1
575,3,1,49.3,0,1,1,0,0,0,0,1,0
576,2,1,54.7,0,1,1,0,0,0,0,0,1
577,1,0,87.0,1,0,0,1,0,0,0,0,1
578,2,1,54.0,1,0,0,1,0,0,0,1,0
579,5,0,60.7,1,0,0,0,0,1,0,0,1
580,0,0,91.3,1,0,0,0,0,1,0,0,1
581,0,0,78.7,1,0,0,0,0,0,1,0,1
582,4,0,71.3,1,0,0,0,0,1,0,1,0
583,3,1,76.0,1,0,0,0,0,1,0,0,1
584,2,0,74.3,1,0,0,0,0,1,0,0,1
585,3,0,72.3,1,0,0,0,1,0,0,0,1
586,1,0,67.0,1,0,1,0,0,0,0,0,1
587,4,0,56.3,1,0,0,0,1,0,0,1,0
588,2,0,61.0,1,0,0,0,1,0,0,0,1
589,0,0,59.7,1,0,1,0,0,0,0,0,1
590,2,0,56.3,0,1,0,0,1,0,0,1,0
591,0,0,61.0,0,1,1,0,0,0,0,0,1
592,4,0,66.7,0,1,0,0,0,0,1,0,1
593,1,0,74.3,1,0,0,0,0,0,1,0,1
594,4,1,97.0,1,0,0,0,1,0,0,0,1
595,4,1,69.0,1,0,0,0,1,0,0,0,1
596,1,0,23.0,0,1,0,1,0,0,0,1,0
597,0,0,51.7,0,1,1,0,0,0,0,0,1
598,1,0,73.0,1,0,0,0,0,1,0,0,1
599,0,0,76.0,1,0,0,0,0,1,0,0,1
600,5,0,59.0,1,0,0,0,0,1,0,0,1
601,1,0,29.3,1,0,0,0,1,0,0,0,1
602,2,0,78.0,1,0,0,0,0,0,1,0,1
603,1,0,56.0,0,1,0,0,0,1,0,1,0
604,5,1,87.7,0,1,0,0,0,1,0,1,0
605,0,0,69.7,0,1,0,0,1,0,0,0,1
606,3,0,83.7,1,0,0,0,1,0,0,0,1
607,5,0,50.7,1,0,0,0,1,0,0,1,0
608,2,0,62.3,1,0,0,0,0,0,1,0,1
609,3,0,62.0,1,0,0,1,0,0,0,0,1
610,2,1,64.0,0,1,0,0,0,1,0,1,0
611,2,0,61.0,1,0,0,0,1,0,0,0,1
612,4,1,91.7,0,1,0,0,1,0,0,0,1
613,3,0,72.0,1,0,0,0,1,0,0,0,1
614,3,0,89.3,1,0,1,0,0,0,0,0,1
615,1,0,66.7,1,0,0,0,1,0,0,0,1
616,4,0,40.0,1,0,0,0,0,0,1,0,1
617,4,0,83.0,0,1,0,0,0,1,0,0,1
618,5,0,86.7,0,1,0,0,0,1,0,0,1
619,3,1,68.7,0,1,0,0,1,0,0,1,0
620,1,0,50.0,1,0,0,0,1,0,0,1,0
621,4,0,60.3,0,1,0,1,0,0,0,1,0
622,1,1,53.7,0,1,0,0,1,0,0,1,0
623,2,1,94.0,0,1,1,0,0,0,0,0,1
624,4,0,60.3,1,0,0,0,0,0,1,1,0
625,2,1,98.7,0,1,0,0,0,1,0,0,1
626,3,1,67.3,0,1,0,1,0,0,0,1,0
627,3,0,51.7,0,1,0,0,0,1,0,0,1
628,2,0,50.7,0,1,0,0,0,1,0,1,0
629,0,1,50.0,1,0,0,0,1,0,0,0,1
630,2,0,67.0,0,1,0,0,0,1,0,0,1
631,1,0,68.0,0,1,0,1,0,0,0,0,1
632,4,1,73.7,1,0,0,1,0,0,0,0,1
633,1,0,82.7,1,0,0,0,1,0,0,0,1
634,0,0,82.7,0,1,0,0,0,1,0,0,1
635,1,0,69.7,0,1,1,0,0,0,0,0,1
636,1,1,76.0,1,0,0,1,0,0,0,1,0
637,0,1,86.7,1,0,0,0,0,1,0,0,1
638,2,0,78.7,0,1,0,0,0,0,1,0,1
639,3,0,74.3,1,0,0,0,0,1,0,0,1
640,1,0,48.0,0,1,0,0,0,1,0,0,1
641,3,1,84.0,1,0,0,0,0,1,0,1,0
642,0,0,77.3,1,0,0,1,0,0,0,1,0
643,1,1,77.7,1,0,0,0,0,0,1,0,1
644,1,0,65.0,0,1,0,1,0,0,0,0,1
645,4,1,75.7,1,0,0,1,0,0,0,0,1
646,3,0,64.7,1,0,0,0,0,1,0,0,1
647,1,0,64.7,1,0,0,0,0,0,1,1,0
648,1,0,52.7,1,0,0,1,0,0,0,0,1
649,2,1,76.3,1,0,0,0,0,1,0,0,1
650,0,1,53.3,0,1,0,0,1,0,0,1,0
651,1,1,74.7,1,0,1,0,0,0,0,0,1
652,2,1,89.7,1,0,0,0,0,1,0,0,1
653,3,1,69.7,1,0,1,0,0,0,0,0,1
654,0,0,77.0,1,0,0,1,0,0,0,0,1
655,2,0,65.3,1,0,0,1,0,0,0,0,1
656,3,0,69.3,0,1,0,0,1,0,0,1,0
657,0,0,65.3,0,1,0,0,0,1,0,0,1
658,3,0,53.7,1,0,0,0,0,1,0,1,0
659,3,0,87.3,0,1,0,0,0,1,0,0,1
660,2,0,74.7,0,1,0,0,1,0,0,1,0
661,0,0,67.3,0,1,0,0,1,0,0,0,1
662,2,0,65.0,1,0,0,0,0,1,0,1,0
663,1,0,67.0,1,0,0,0,1,0,0,0,1
664,3,0,68.7,0,1,0,0,0,1,0,0,1
665,0,1,56.7,1,0,0,0,1,0,0,1,0
666,2,1,69.0,1,0,0,0,1,0,0,1,0
667,4,0,83.0,1,0,0,1,0,0,0,1,0
668,2,0,69.3,0,1,0,0,1,0,0,0,1
669,3,1,76.7,0,1,0,0,0,1,0,0,1
670,1,0,70.0,1,0,0,0,1,0,0,1,0
671,3,0,53.0,0,1,0,0,0,1,0,1,0
672,2,0,74.3,1,0,0,0,1,0,0,0,1
673,3,1,77.7,1,0,0,0,1,0,0,0,1
674,1,1,74.7,1,0,0,0,0,1,0,0,1
675,2,1,60.0,1,0,0,1,0,0,0,0,1
676,2,1,75.7,1,0,0,0,0,0,1,0,1
677,0,1,76.0,1,0,0,0,1,0,0,0,1
678,3,0,78.0,0,1,0,0,0,1,0,1,0
679,2,0,61.3,0,1,0,0,0,1,0,1,0
680,1,0,71.0,1,0,0,0,0,1,0,0,1
681,1,0,62.7,0,1,0,1,0,0,0,0,1
682,1,0,57.0,0,1,0,1,0,0,0,0,1
683,0,1,37.7,1,0,0,0,1,0,0,1,0
684,2,1,65.3,0,1,0,1,0,0,0,0,1
685,5,1,97.7,1,0,0,0,0,0,1,0,1
686,2,1,76.0,0,1,0,0,0,0,1,0,1
687,3,0,76.0,0,1,0,0,0,1,0,1,0
688,1,0,51.7,0,1,1,0,0,0,0,1,0
689,2,0,88.7,0,1,0,0,0,0,1,1,0
690,3,0,51.7,1,0,0,0,1,0,0,0,1
691,3,0,75.7,1,0,0,0,0,0,1,1,0
692,4,1,73.7,1,0,0,0,1,0,0,1,0
693,3,0,75.7,1,0,0,0,0,1,0,0,1
694,0,0,56.0,1,0,0,0,1,0,0,0,1
695,2,0,84.7,1,0,0,0,0,1,0,1,0
696,3,1,82.3,1,0,0,0,1,0,0,0,1
697,4,0,67.0,1,0,1,0,0,0,0,0,1
698,3,1,71.3,1,0,0,0,0,1,0,0,1
699,1,0,63.7,0,1,0,0,1,0,0,1,0
700,4,1,80.7,1,0,0,0,0,0,1,0,1
701,0,0,65.3,1,0,0,1,0,0,0,0,1
702,4,1,86.0,0,1,1,0,0,0,0,0,1
703,2,0,64.7,1,0,0,0,0,1,0,0,1
704,0,1,62.0,1,0,0,1,0,0,0,1,0
705,4,0,66.3,0,1,1,0,0,0,0,1,0
706,1,0,38.7,0,1,0,0,0,1,0,0,1
707,2,0,59.0,0,1,0,0,1,0,0,0,1
708,1,0,85.0,0,1,0,0,0,1,0,0,1
709,3,1,53.7,1,0,0,0,0,1,0,1,0
710,2,1,89.0,0,1,0,0,1,0,0,0,1
711,0,1,83.3,1,0,0,0,0,0,1,0,1
712,2,0,99.0,1,0,0,0,0,1,0,0,1
713,5,0,82.0,0,1,0,0,0,1,0,0,1
714,0,1,68.0,1,0,0,1,0,0,0,0,1
715,3,1,85.7,1,0,0,1,0,0,0,1,0
716,3,1,74.3,0,1,0,0,1,0,0,0,1
717,3,1,97.0,1,0,0,0,1,0,0,0,1
718,1,0,75.3,1,0,0,0,1,0,0,0,1
719,3,1,81.3,0,1,0,0,0,0,1,1,0
720,2,0,68.0,1,0,0,0,1,0,0,1,0
721,0,1,57.7,0,1,0,0,0,1,0,1,0
722,0,1,84.0,1,0,0,1,0,0,0,1,0
723,1,0,46.7,0,1,0,0,1,0,0,0,1
724,2,0,43.7,0,1,0,1,0,0,0,0,1
725,2,1,75.3,0,1,0,0,0,0,1,0,1
726,3,1,72.3,1,0,0,0,0,0,1,0,1
727,0,1,58.7,0,1,0,0,0,0,1,0,1
728,1,0,83.0,1,0,0,0,0,1,0,1,0
729,2,0,43.0,0,1,0,0,1,0,0,0,1
730,3,1,75.0,1,0,0,1,0,0,0,1,0
731,0,0,48.0,0,1,1,0,0,0,0,1,0
732,2,1,90.0,1,0,0,0,1,0,0,0,1
733,0,0,48.7,0,1,0,0,0,1,0,0,1
734,2,0,56.0,1,0,0,0,0,0,1,1,0
735,5,0,61.0,0,1,0,0,1,0,0,0,1
736,3,0,85.0,0,1,0,0,1,0,0,0,1
737,2,1,64.0,1,0,0,1,0,0,0,1,0
738,3,0,75.0,0,1,0,0,0,1,0,0,1
739,1,0,58.7,0,1,0,0,1,0,0,1,0
740,4,0,75.0,0,1,0,0,0,1,0,0,1
741,3,0,50.0,1,0,1,0,0,0,0,1,0
742,1,0,82.3,1,0,0,0,1,0,0,0,1
743,3,1,68.0,1,0,0,0,1,0,0,0,1
744,2,0,52.3,0,1,0,1,0,0,0,1,0
745,3,0,75.0,0,1,0,0,0,1,0,0,1
746,1,0,71.7,0,1,0,0,0,1,0,0,1
747,2,0,67.0,0,1,0,0,1,0,0,0,1
748,4,0,56.3,1,0,0,0,1,0,0,1,0
749,2,1,85.7,0,1,0,1,0,0,0,0,1
750,0,1,69.3,0,1,0,0,0,1,0,0,1
751,2,0,68.3,0,1,0,0,0,0,1,0,1
752,5,1,77.0,0,1,0,0,1,0,0,1,0
753,0,1,84.0,1,0,0,0,1,0,0,0,1
754,3,0,55.3,0,1,0,0,1,0,0,1,0
755,3,0,90.3,1,0,0,0,0,0,1,0,1
756,2,0,55.0,0,1,0,0,0,1,0,0,1
757,4,1,70.0,0,1,0,0,0,0,1,1,0
758,2,1,58.7,1,0,0,0,0,1,0,1,0
759,2,1,74.3,0,1,0,1,0,0,0,0,1
760,1,0,63.0,1,0,0,0,1,0,0,1,0
761,0,0,53.3,1,0,0,0,0,1,0,0,1
762,0,1,81.7,0,1,0,0,0,1,0,0,1
763,1,0,62.3,1,0,0,1,0,0,0,0,1
764,2,0,60.7,0,1,0,0,0,1,0,0,1
765,1,0,72.7,1,0,0,1,0,0,0,0,1
766,1,1,70.0,1,0,0,0,1,0,0,0,1
767,1,1,66.0,0,1,0,1,0,0,0,0,1
768,0,0,71.3,1,0,0,0,0,1,0,0,1
769,2,0,58.3,0,1,1,0,0,0,0,1,0
770,1,0,49.7,0,1,0,1,0,0,0,0,1
771,4,0,74.0,0,1,0,0,0,1,0,0,1
772,0,1,63.7,1,0,0,1,0,0,0,1,0
773,4,0,73.0,1,0,0,0,1,0,0,1,0
774,2,0,63.7,0,1,0,1,0,0,0,0,1
775,0,0,54.0,1,0,0,1,0,0,0,1,0
776,1,0,69.3,1,0,0,1,0,0,0,0,1
777,2,0,40.7,1,0,0,0,1,0,0,1,0
778,2,1,77.7,1,0,1,0,0,0,0,0,1
779,3,1,87.0,0,1,0,0,0,0,1,0,1
780,3,0,53.0,1,0,0,0,0,1,0,1,0
781,5,0,83.7,1,0,0,1,0,0,0,0,1
782,1,1,81.0,1,0,0,1,0,0,0,1,0
783,3,1,57.7,1,0,0,0,1,0,0,0,1
784,4,1,83.7,0,1,0,0,1,0,0,0,1
785,0,1,42.3,1,0,0,1,0,0,0,0,1
786,0,0,76.0,1,0,0,0,0,0,1,1,0
787,2,0,29.7,1,0,0,1,0,0,0,0,1
788,3,0,64.7,0,1,0,0,1,0,0,1,0
789,5,0,59.3,1,0,0,0,1,0,0,1,0
790,1,0,56.7,1,0,0,1,0,0,0,0,1
791,2,0,65.3,1,0,0,0,0,1,0,1,0
792,1,0,69.7,0,1,0,0,0,1,0,1,0
793,0,1,83.3,0,1,0,0,0,0,1,0,1
794,1,0,48.3,1,0,0,1,0,0,0,0,1
795,3,1,66.0,1,0,0,0,0,0,1,1,0
796,1,0,70.0,0,1,0,0,0,1,0,0,1
797,3,0,78.3,1,0,0,0,0,0,1,1,0
798,2,0,61.0,0,1,0,0,0,0,1,0,1
799,3,0,54.7,1,0,0,0,1,0,0,0,1
800,0,1,69.3,0,1,0,0,1,0,0,0,1
801,0,1,76.3,0,1,0,0,1,0,0,0,1
802,3,0,92.0,1,0,0,0,0,0,1,0,1
803,2,0,84.7,1,0,0,1,0,0,0,0,1
804,2,0,75.7,1,0,0,0,1,0,0,0,1
805,2,0,76.7,0,1,1,0,0,0,0,1,0
806,2,0,71.0,1,0,0,0,0,1,0,1,0
807,1,0,42.0,1,0,0,0,0,0,1,1,0
808,1,0,78.0,0,1,0,0,1,0,0,0,1
809,4,0,54.7,0,1,0,1,0,0,0,0,1
810,0,0,39.3,0,1,1,0,0,0,0,0,1
811,1,0,47.0,0,1,1,0,0,0,0,1,0
812,5,1,61.7,1,0,0,0,1,0,0,0,1
813,0,1,82.3,0,1,0,0,0,0,1,0,1
814,1,0,78.3,1,0,0,0,1,0,0,0,1
815,0,1,89.0,0,1,0,1,0,0,0,0,1
816,4,0,56.0,1,0,1,0,0,0,0,0,1
817,4,1,69.0,0,1,0,0,0,1,0,1,0
818,1,0,66.7,1,0,0,1,0,0,0,1,0
819,0,0,85.3,1,0,0,0,1,0,0,0,1
820,0,1,89.0,1,0,1,0,0,0,0,0,1
821,4,0,87.0,1,0,0,0,0,1,0,1,0
822,2,1,50.7,0,1,0,0,0,0,1,1,0
823,1,0,80.0,1,0,0,1,0,0,0,1,0
824,0,0,52.7,1,0,0,0,1,0,0,1,0
825,1,0,62.3,0,1,0,0,1,0,0,0,1
826,3,1,64.7,1,0,0,0,1,0,0,1,0
827,0,0,70.0,1,0,0,0,1,0,0,0,1
828,0,1,78.7,1,0,0,0,0,1,0,1,0
829,0,0,58.3,0,1,0,1,0,0,0,0,1
830,2,0,59.3,1,0,1,0,0,0,0,1,0
831,4,1,83.0,1,0,0,0,1,0,0,1,0
832,4,0,60.7,0,1,1,0,0,0,0,0,1
833,1,1,82.7,1,0,0,1,0,0,0,0,1
834,2,0,51.0,0,1,0,1,0,0,0,0,1
835,1,1,66.0,1,0,0,0,1,0,0,0,1
836,1,0,64.7,0,1,0,0,0,0,1,0,1
837,1,1,78.7,1,0,1,0,0,0,0,0,1
838,3,1,56.0,0,1,0,1,0,0,0,1,0
839,3,0,72.0,1,0,0,0,1,0,0,0,1
840,1,0,45.7,1,0,0,0,0,1,0,1,0
841,0,0,57.7,0,1,0,0,1,0,0,0,1
842,1,1,34.3,1,0,0,1,0,0,0,1,0
843,2,1,75.7,0,1,0,1,0,0,0,1,0
844,0,1,56.3,1,0,0,0,0,1,0,1,0
845,5,0,86.3,0,1,0,0,0,0,1,0,1
846,5,1,87.0,0,1,0,0,1,0,0,0,1
847,1,0,56.0,0,1,0,0,0,1,0,0,1
848,1,0,66.3,1,0,0,0,1,0,0,0,1
849,3,0,74.7,0,1,0,0,0,1,0,0,1
850,5,0,68.3,0,1,0,0,1,0,0,0,1
851,1,0,64.0,1,0,1,0,0,0,0,0,1
852,2,0,88.3,1,0,0,0,0,0,1,0,1
853,0,0,70.0,0,1,0,0,0,0,1,0,1
854,0,0,60.3,0,1,0,0,1,0,0,0,1
855,4,0,96.7,1,0,0,1,0,0,0,0,1
856,2,0,69.3,0,1,0,1,0,0,0,1,0
857,4,0,75.0,1,0,0,0,1,0,0,0,1
858,1,1,49.0,0,1,0,1,0,0,0,0,1
859,3,0,77.3,0,1,0,0,1,0,0,1,0
860,3,0,56.0,1,0,0,0,1,0,0,0,1
861,5,0,84.7,1,0,0,0,0,0,1,1,0
862,4,1,39.7,0,1,0,0,0,1,0,1,0
863,2,1,74.0,1,0,0,0,1,0,0,0,1
864,3,0,93.7,0,1,0,0,1,0,0,0,1
865,2,1,84.0,0,1,0,0,0,1,0,0,1
866,1,0,54.7,0,1,0,0,1,0,0,1,0
867,3,0,48.0,0,1,0,1,0,0,0,0,1
868,3,1,74.7,0,1,0,0,0,0,1,1,0
869,3,0,50.3,0,1,0,0,1,0,0,1,0
870,1,0,54.7,0,1,0,1,0,0,0,0,1
871,2,1,72.7,1,0,0,0,1,0,0,0,1
872,3,1,81.3,0,1,0,1,0,0,0,0,1
873,3,0,87.3,0,1,0,0,0,0,1,1,0
874,4,0,55.3,1,0,0,0,1,0,0,1,0
875,2,0,70.0,0,1,0,0,1,0,0,1,0
876,2,0,82.3,0,1,0,0,0,1,0,0,1
877,0,0,57.3,0,1,0,0,1,0,0,0,1
878,0,0,70.3,1,0,0,0,0,1,0,0,1
879,3,0,71.3,1,0,0,0,0,1,0,0,1
880,4,1,64.3,0,1,0,0,1,0,0,0,1
881,4,1,70.3,1,0,0,0,0,0,1,0,1
882,1,0,69.3,1,0,0,1,0,0,0,1,0
883,4,0,48.3,0,1,0,0,0,1,0,1,0
884,3,0,52.0,1,0,0,0,0,0,1,0,1
885,3,1,72.7,1,0,0,0,1,0,0,0,1
886,3,1,96.0,1,0,0,0,0,0,1,0,1
887,1,0,61.7,0,1,0,0,1,0,0,1,0
888,2,0,69.3,1,0,0,0,0,1,0,1,0
889,1,0,47.7,0,1,0,0,0,1,0,1,0
890,2,1,87.3,1,0,0,0,0,0,1,0,1
891,3,0,87.3,1,0,0,0,0,0,1,0,1
892,5,0,63.3,1,0,1,0,0,0,0,1,0
893,0,1,79.0,0,1,0,0,0,1,0,0,1
894,3,0,63.3,1,0,0,0,0,0,1,0,1
895,0,0,34.7,1,0,0,0,0,0,1,1,0
896,1,0,30.7,0,1,0,1,0,0,0,1,0
897,0,1,73.3,1,0,0,1,0,0,0,1,0
898,3,1,61.3,0,1,0,0,0,1,0,0,1
899,0,1,75.0,1,0,0,0,0,1,0,0,1
900,5,0,86.0,0,1,0,0,0,1,0,0,1
901,5,0,75.0,1,0,0,0,1,0,0,0,1
902,1,1,41.0,1,0,1,0,0,0,0,1,0
903,4,1,97.7,1,0,0,0,0,1,0,1,0
904,0,0,78.3,1,0,0,0,0,1,0,1,0
905,2,0,80.7,0,1,0,0,0,1,0,0,1
906,1,0,52.0,0,1,0,1,0,0,0,0,1
907,2,1,84.7,1,0,0,0,0,1,0,0,1
908,4,0,71.3,1,0,0,0,1,0,0,1,0
909,4,1,68.0,0,1,0,0,0,0,1,0,1
910,4,0,46.7,0,1,0,0,0,1,0,1,0
911,2,0,78.3,1,0,1,0,0,0,0,0,1
912,4,1,59.7,1,0,0,0,1,0,0,0,1
913,4,1,58.3,1,0,0,0,1,0,0,1,0
914,3,0,54.0,1,0,0,1,0,0,0,1,0
915,2,0,68.0,1,0,0,0,0,0,1,0,1
916,4,1,100.0,0,1,0,0,0,0,1,0,1
917,1,0,52.3,1,0,0,0,1,0,0,0,1
918,3,1,71.3,1,0,0,0,1,0,0,0,1
919,2,1,92.7,0,1,0,1,0,0,0,0,1
920,1,0,68.7,0,1,0,0,0,1,0,1,0
921,1,0,44.7,1,0,0,0,1,0,0,1,0
922,1,0,68.0,0,1,0,0,0,1,0,0,1
923,3,0,61.3,1,0,0,1,0,0,0,1,0
924,1,0,71.0,0,1,0,0,0,1,0,1,0
925,0,1,66.0,0,1,0,0,0,0,1,0,1
926,3,0,57.3,0,1,0,0,0,0,1,1,0
927,1,1,65.7,1,0,0,0,0,1,0,1,0
928,3,1,44.3,0,1,0,0,0,0,1,1,0
929,0,0,51.7,1,0,0,0,1,0,0,1,0
930,2,1,70.3,0,1,0,0,1,0,0,1,0
931,2,0,60.3,0,1,0,0,0,1,0,1,0
932,3,1,68.3,0,1,0,0,0,1,0,1,0
933,4,1,73.0,0,1,0,0,1,0,0,1,0
934,3,1,91.7,0,1,0,0,1,0,0,0,1
935,2,0,63.7,0,1,0,0,0,1,0,1,0
936,3,0,59.0,0,1,1,0,0,0,0,0,1
937,1,0,57.3,1,0,0,0,0,0,1,1,0
938,2,1,83.7,0,1,0,0,0,1,0,0,1
939,0,1,71.3,0,1,0,0,0,1,0,0,1
940,5,1,70.0,0,1,0,0,1,0,0,1,0
941,5,0,88.3,1,0,0,0,0,1,0,0,1
942,1,0,70.3,0,1,0,0,1,0,0,0,1
943,0,1,61.3,0,1,1,0,0,0,0,1,0
944,1,0,62.3,1,0,0,1,0,0,0,0,1
945,3,0,57.7,1,0,0,0,1,0,0,0,1
946,1,0,81.3,0,1,0,1,0,0,0,0,1
947,2,0,55.7,1,0,0,0,0,1,0,1,0
948,0,1,50.3,0,1,0,1,0,0,0,1,0
949,1,1,68.3,1,0,0,0,0,0,1,1,0
950,1,0,79.3,0,1,0,0,0,0,1,0,1
951,2,1,78.3,1,0,0,0,0,1,0,0,1
952,0,0,73.3,1,0,0,0,0,0,1,1,0
953,1,1,54.7,0,1,0,0,1,0,0,0,1
954,2,0,66.7,1,0,0,0,1,0,0,0,1
955,3,0,63.7,0,1,0,0,0,0,1,0,1
956,2,0,84.0,0,1,0,0,1,0,0,0,1
957,5,0,97.3,1,0,0,0,0,1,0,0,1
958,1,0,55.7,1,0,0,0,0,1,0,0,1
959,1,0,75.7,0,1,0,0,1,0,0,0,1
960,2,0,59.3,1,0,1,0,0,0,0,0,1
961,0,0,51.7,1,0,0,0,0,1,0,1,0
962,3,0,100.0,1,0,0,0,0,0,1,0,1
963,0,1,72.0,1,0,0,0,1,0,0,1,0
964,2,0,62.3,0,1,0,0,0,1,0,0,1
965,2,0,68.0,1,0,0,0,0,1,0,0,1
966,0,1,66.0,0,1,1,0,0,0,0,0,1
967,2,0,62.0,0,1,0,0,1,0,0,0,1
968,3,0,70.3,1,0,0,0,0,0,1,0,1
969,4,0,79.7,1,0,0,1,0,0,0,0,1
970,4,0,96.3,1,0,0,0,0,1,0,0,1
971,0,1,73.0,0,1,0,0,1,0,0,0,1
972,1,1,54.3,1,0,1,0,0,0,0,1,0
973,2,0,58.3,1,0,0,0,0,1,0,1,0
974,2,0,61.3,1,0,1,0,0,0,0,0,1
975,2,1,74.3,1,0,0,0,1,0,0,0,1
976,2,1,60.7,0,1,0,1,0,0,0,1,0
977,3,0,61.7,0,1,0,0,1,0,0,0,1
978,1,1,48.0,0,1,0,0,0,1,0,0,1
979,3,0,93.3,1,0,0,0,1,0,0,0,1
980,1,0,18.3,1,0,0,1,0,0,0,1,0
981,0,0,79.0,0,1,0,0,0,1,0,0,1
982,0,1,83.3,0,1,0,1,0,0,0,0,1
983,2,1,85.3,1,0,1,0,0,0,0,0,1
984,0,0,77.0,1,0,0,0,1,0,0,0,1
985,1,0,54.0,0,1,1,0,0,0,0,0,1
986,3,0,50.0,1,0,0,0,1,0,0,0,1
987,0,1,77.3,0,1,0,0,0,0,1,0,1
988,0,0,44.7,1,0,1,0,0,0,0,1,0
989,2,1,78.7,1,0,0,0,0,1,0,1,0
990,1,1,80.7,0,1,0,0,0,0,1,1,0
991,0,1,75.0,1,0,0,1,0,0,0,0,1
992,3,0,69.0,1,0,0,0,0,1,0,1,0
993,4,0,69.3,1,0,0,0,0,1,0,1,0
994,1,0,62.7,0,1,1,0,0,0,0,0,1
995,5,1,94.0,1,0,0,0,0,0,1,0,1
996,1,0,57.3,0,1,0,0,1,0,0,1,0
997,1,1,65.0,1,0,0,0,1,0,0,1,0
998,2,1,74.3,1,0,0,0,0,1,0,0,1
999,2,0,83.0,1,0,0,0,0,1,0,1,0
